-- phpMyAdmin SQL Dump
-- version 4.6.6deb5
-- https://www.phpmyadmin.net/
--
-- Host: localhost:3306
-- Generation Time: Dec 28, 2018 at 11:26 PM
-- Server version: 5.7.24-0ubuntu0.18.04.1
-- PHP Version: 7.2.10-0ubuntu0.18.04.1

SET SQL_MODE = "NO_AUTO_VALUE_ON_ZERO";
SET time_zone = "+00:00";


/*!40101 SET @OLD_CHARACTER_SET_CLIENT=@@CHARACTER_SET_CLIENT */;
/*!40101 SET @OLD_CHARACTER_SET_RESULTS=@@CHARACTER_SET_RESULTS */;
/*!40101 SET @OLD_COLLATION_CONNECTION=@@COLLATION_CONNECTION */;
/*!40101 SET NAMES utf8mb4 */;

--
-- Database: `api_ecommerce`
--

-- --------------------------------------------------------

--
-- Table structure for table `migrations`
--

CREATE TABLE `migrations` (
  `id` int(10) UNSIGNED NOT NULL,
  `migration` varchar(255) COLLATE utf8mb4_unicode_ci NOT NULL,
  `batch` int(11) NOT NULL
) ENGINE=InnoDB DEFAULT CHARSET=utf8mb4 COLLATE=utf8mb4_unicode_ci;

--
-- Dumping data for table `migrations`
--

INSERT INTO `migrations` (`id`, `migration`, `batch`) VALUES
(1, '2014_10_12_000000_create_users_table', 1),
(2, '2014_10_12_100000_create_password_resets_table', 1),
(3, '2018_12_28_141749_create_products_table', 1),
(4, '2018_12_28_141837_create_reviews_table', 1);

-- --------------------------------------------------------

--
-- Table structure for table `password_resets`
--

CREATE TABLE `password_resets` (
  `email` varchar(255) COLLATE utf8mb4_unicode_ci NOT NULL,
  `token` varchar(255) COLLATE utf8mb4_unicode_ci NOT NULL,
  `created_at` timestamp NULL DEFAULT NULL
) ENGINE=InnoDB DEFAULT CHARSET=utf8mb4 COLLATE=utf8mb4_unicode_ci;

-- --------------------------------------------------------

--
-- Table structure for table `products`
--

CREATE TABLE `products` (
  `id` int(10) UNSIGNED NOT NULL,
  `name` varchar(255) COLLATE utf8mb4_unicode_ci NOT NULL,
  `detail` text COLLATE utf8mb4_unicode_ci NOT NULL,
  `price` int(11) NOT NULL,
  `stock` int(11) NOT NULL,
  `discount` int(11) NOT NULL,
  `created_at` timestamp NULL DEFAULT NULL,
  `updated_at` timestamp NULL DEFAULT NULL
) ENGINE=InnoDB DEFAULT CHARSET=utf8mb4 COLLATE=utf8mb4_unicode_ci;

--
-- Dumping data for table `products`
--

INSERT INTO `products` (`id`, `name`, `detail`, `price`, `stock`, `discount`, `created_at`, `updated_at`) VALUES
(1, 'ut', 'Voluptatibus vitae sit magnam. Culpa sit tempore cumque accusamus tempora. Facere distinctio est quia provident amet aut. Quia consectetur necessitatibus nam perferendis sequi quia. Ut dolorem culpa sit.', 799, 0, 9, '2018-12-28 09:18:20', '2018-12-28 09:18:20'),
(2, 'aut', 'Quibusdam quasi natus soluta nemo quas ut ullam. Similique distinctio rerum deserunt consequatur. Earum dolor porro fugiat. Eveniet ea eum et autem quisquam aut quo perspiciatis.', 201, 0, 11, '2018-12-28 09:18:20', '2018-12-28 09:18:20'),
(3, 'voluptatem', 'Minus excepturi dolores iusto. Quas perferendis et voluptas quas.', 255, 7, 29, '2018-12-28 09:18:20', '2018-12-28 09:18:20'),
(4, 'ad', 'Beatae eligendi dolor omnis a reiciendis alias repudiandae. Recusandae dolorum repellendus non atque. Ea autem voluptates nostrum ad. Aliquid in sit incidunt sint eum sunt et.', 875, 8, 14, '2018-12-28 09:18:20', '2018-12-28 09:18:20'),
(5, 'fugit', 'Quia tempora neque eveniet ut quaerat quia recusandae. Excepturi aliquam esse tempore beatae. Eius aperiam impedit vero magnam deleniti.', 204, 0, 2, '2018-12-28 09:18:20', '2018-12-28 09:18:20'),
(6, 'cumque', 'Ut optio alias pariatur magnam qui. Eum vero quos ad voluptas repudiandae dolorem rerum.', 680, 2, 14, '2018-12-28 09:18:20', '2018-12-28 09:18:20'),
(7, 'omnis', 'Et iste voluptates saepe corrupti quidem et quia. Consequatur qui magnam et qui fuga. Labore dicta iste assumenda consequatur odio.', 753, 0, 17, '2018-12-28 09:18:20', '2018-12-28 09:18:20'),
(8, 'odit', 'Perspiciatis vel quia asperiores ea atque. Eveniet nostrum corrupti vitae. Quo doloremque rerum eveniet consequuntur deleniti quo occaecati.', 1000, 6, 8, '2018-12-28 09:18:20', '2018-12-28 09:18:20'),
(9, 'dicta', 'Iste officiis sapiente doloremque sit fuga quidem dolore. Est ut qui necessitatibus necessitatibus quidem. Odit eius repellat reprehenderit sed et. Velit amet placeat qui nisi qui pariatur.', 467, 6, 28, '2018-12-28 09:18:20', '2018-12-28 09:18:20'),
(10, 'ea', 'Ut quam alias et facilis velit doloremque illo quo. Expedita ducimus cumque quam omnis laudantium accusamus impedit.', 445, 4, 19, '2018-12-28 09:18:20', '2018-12-28 09:18:20'),
(11, 'repellat', 'Sequi quo itaque qui. Aperiam tenetur quo quia dignissimos. Nisi in temporibus alias est. Quis modi vel et ut eum asperiores.', 671, 8, 21, '2018-12-28 09:18:20', '2018-12-28 09:18:20'),
(12, 'et', 'Minima tempora ut qui veniam. Ea porro consectetur sequi et. Qui nisi quis dolor non harum id.', 906, 5, 27, '2018-12-28 09:18:20', '2018-12-28 09:18:20'),
(13, 'laboriosam', 'Amet in ducimus dolore et et qui dolor quod. Consequatur quidem quis dolor porro explicabo iure.', 451, 4, 4, '2018-12-28 09:18:20', '2018-12-28 09:18:20'),
(14, 'quasi', 'Rerum dolor assumenda veniam sunt voluptatem unde rerum. Est ipsam ut laboriosam voluptas aut quia. Ut nulla reprehenderit officia. Impedit corporis ut similique et doloremque qui.', 507, 1, 21, '2018-12-28 09:18:20', '2018-12-28 09:18:20'),
(15, 'a', 'Animi soluta rerum et voluptas dicta. Non fugit fugiat repellat. Dolor ducimus id nam. Eius consequuntur omnis assumenda molestiae similique numquam pariatur sit. Facilis ipsam expedita assumenda iste unde.', 435, 3, 6, '2018-12-28 09:18:21', '2018-12-28 09:18:21'),
(16, 'tempora', 'Culpa iure est nobis ab. Natus veritatis dolorum dolores quisquam animi. Dolor aut et eos similique.', 566, 3, 11, '2018-12-28 09:18:21', '2018-12-28 09:18:21'),
(17, 'enim', 'Aut ab sunt ut qui voluptate. Nulla sapiente doloremque error omnis nihil dolores. Animi asperiores at dolores accusantium. Minima possimus libero quasi et soluta commodi harum. Distinctio distinctio voluptate nihil minus maiores.', 620, 5, 18, '2018-12-28 09:18:21', '2018-12-28 09:18:21'),
(18, 'est', 'Consequuntur perspiciatis dicta labore dolor et consequatur vel recusandae. At et nihil temporibus corrupti.', 121, 7, 7, '2018-12-28 09:18:21', '2018-12-28 09:18:21'),
(19, 'voluptates', 'Assumenda dignissimos adipisci aut voluptatibus eos iusto et. Vero adipisci natus molestias ullam. Consectetur id sit a perspiciatis in. Eos sint perferendis architecto debitis molestias.', 338, 0, 5, '2018-12-28 09:18:21', '2018-12-28 09:18:21'),
(20, 'aperiam', 'Vel perspiciatis et illum occaecati dolorum. Dolorem ullam dolorem non. Magni quae sit voluptate quod asperiores debitis corrupti. Voluptatem id distinctio molestias atque quos aliquid.', 955, 6, 7, '2018-12-28 09:18:21', '2018-12-28 09:18:21'),
(21, 'provident', 'Debitis fuga necessitatibus blanditiis et neque officiis. Omnis omnis quia maiores dignissimos culpa expedita maiores enim. Numquam non possimus sit. Ipsa aut labore eum harum magnam culpa qui.', 475, 3, 3, '2018-12-28 09:18:21', '2018-12-28 09:18:21'),
(22, 'accusantium', 'In vero nihil maxime id qui consequatur. Nulla dolorem qui est totam sed. Repellendus perferendis autem aut fugiat enim perspiciatis omnis. Fugiat perferendis eaque iusto est in minus enim.', 639, 7, 17, '2018-12-28 09:18:21', '2018-12-28 09:18:21'),
(23, 'non', 'Corporis voluptatibus labore vel et quas. Voluptatibus dolorem consequatur velit esse rerum. Consequatur aut asperiores maiores occaecati.', 766, 5, 16, '2018-12-28 09:18:21', '2018-12-28 09:18:21'),
(24, 'deleniti', 'Cum harum inventore cum consequatur et. Nisi vel ut error reprehenderit voluptatem quis. Repellat laudantium neque quibusdam reiciendis autem et vel. Repellat nobis impedit facere sed facilis numquam.', 291, 3, 28, '2018-12-28 09:18:21', '2018-12-28 09:18:21'),
(25, 'ea', 'Hic ex est voluptatem tempore laudantium dolores. Eius ut fuga qui. Reprehenderit amet velit ea amet et quia.', 211, 6, 28, '2018-12-28 09:18:21', '2018-12-28 09:18:21'),
(26, 'consequuntur', 'Vel nesciunt in saepe aut deleniti quibusdam. Reprehenderit aut exercitationem nam voluptas optio. Earum tempora natus doloremque tenetur sed perferendis ea.', 271, 1, 25, '2018-12-28 09:18:21', '2018-12-28 09:18:21'),
(27, 'voluptatem', 'Dolor voluptatem distinctio omnis. Necessitatibus voluptatem blanditiis qui repellendus id occaecati possimus placeat. Sed incidunt quos perspiciatis quia nisi veniam optio nesciunt. Esse qui sit odit ducimus accusamus numquam impedit mollitia.', 263, 1, 25, '2018-12-28 09:18:21', '2018-12-28 09:18:21'),
(28, 'iusto', 'Harum suscipit non possimus molestias fugiat repellendus tempore. Aut fugiat aliquid minima eaque sint. Repellat dolorem commodi et soluta rerum neque nesciunt.', 640, 6, 17, '2018-12-28 09:18:21', '2018-12-28 09:18:21'),
(29, 'nulla', 'Similique minima commodi dolorem rerum. Et quia non numquam necessitatibus magnam. Vero temporibus sunt quia quo at ex aut.', 317, 6, 4, '2018-12-28 09:18:21', '2018-12-28 09:18:21'),
(30, 'dolorem', 'Quia necessitatibus repellat nulla. Dicta ut et ut totam eos dolorum. Quis ut iste dolorem pariatur inventore et. Eos facilis neque voluptas corrupti.', 773, 4, 11, '2018-12-28 09:18:21', '2018-12-28 09:18:21'),
(31, 'aspernatur', 'Ullam ipsam porro odit id. Alias nesciunt architecto quia eum voluptatem dignissimos. Qui eos consequatur natus hic. Perferendis aut ut maiores non dolorem nisi molestiae omnis.', 910, 6, 27, '2018-12-28 09:18:21', '2018-12-28 09:18:21'),
(32, 'dolorem', 'Adipisci voluptas beatae praesentium harum dolore. Pariatur repudiandae corporis repellat qui earum. Veniam eos fugit ut rerum. Est enim ut eum dicta necessitatibus rerum sint maiores.', 233, 6, 21, '2018-12-28 09:18:21', '2018-12-28 09:18:21'),
(33, 'quos', 'Expedita quae amet ipsum perspiciatis. Sed corporis quia quos adipisci sint illo eveniet. Perferendis aliquid sequi quis voluptatem velit tenetur porro esse.', 615, 7, 14, '2018-12-28 09:18:21', '2018-12-28 09:18:21'),
(34, 'voluptatem', 'Magni quaerat sit et velit ea. Numquam quasi eum unde quidem. Ipsa aliquam deleniti et est deleniti ut.', 461, 6, 23, '2018-12-28 09:18:21', '2018-12-28 09:18:21'),
(35, 'sunt', 'Rerum repellendus quis qui consectetur illum. Dignissimos accusamus mollitia praesentium aut. Quisquam officiis illo iste et dignissimos velit perferendis ut.', 661, 8, 11, '2018-12-28 09:18:21', '2018-12-28 09:18:21'),
(36, 'libero', 'Id accusamus velit qui corrupti accusamus nam vel. Non ut ex quae cumque id non ex corrupti. Vel nemo sequi voluptatem enim vel.', 987, 2, 21, '2018-12-28 09:18:21', '2018-12-28 09:18:21'),
(37, 'dicta', 'Velit dolores ratione doloremque ea odit. Corporis tempora voluptatum est delectus.', 957, 0, 8, '2018-12-28 09:18:21', '2018-12-28 09:18:21'),
(38, 'provident', 'Aliquam dolores vel quia. Possimus dolor deleniti ut eum odio inventore nisi. Cumque sit qui suscipit velit et aut in.', 650, 7, 17, '2018-12-28 09:18:21', '2018-12-28 09:18:21'),
(39, 'ea', 'Non accusantium aperiam numquam. Accusantium culpa molestiae itaque hic consequatur omnis dignissimos. Consequuntur qui saepe aut sint iste. A optio amet voluptatem sapiente soluta.', 118, 0, 8, '2018-12-28 09:18:21', '2018-12-28 09:18:21'),
(40, 'et', 'Et eaque ut eligendi doloribus neque tempore. Eveniet in aut repellendus est earum quidem provident. Exercitationem rerum corrupti blanditiis molestias rerum asperiores. Odit illum odio quia nesciunt.', 530, 1, 5, '2018-12-28 09:18:21', '2018-12-28 09:18:21'),
(41, 'alias', 'Deleniti quia saepe perspiciatis. Praesentium aut quis repudiandae minima optio laudantium non. Dolore quia consequatur et rerum est.', 851, 0, 25, '2018-12-28 09:18:21', '2018-12-28 09:18:21'),
(42, 'excepturi', 'Consequatur quo voluptate autem nulla. Qui repellendus non eligendi ipsa expedita. Ut eius expedita dicta magni beatae architecto ipsa.', 678, 9, 17, '2018-12-28 09:18:22', '2018-12-28 09:18:22'),
(43, 'blanditiis', 'Totam quia eius id similique officia est aut. Tenetur est dolorem qui est. Quidem molestiae tempora consequuntur rerum excepturi. Iure omnis ut quaerat qui non consequatur. Tenetur quasi ex assumenda.', 336, 4, 9, '2018-12-28 09:18:22', '2018-12-28 09:18:22'),
(44, 'expedita', 'Libero quibusdam voluptatum temporibus consequuntur aliquid pariatur sunt dolore. Quos possimus iusto est aut quod ipsum amet. Excepturi consectetur saepe sed iste laborum. Voluptatibus ab maiores est possimus id deleniti.', 909, 1, 7, '2018-12-28 09:18:22', '2018-12-28 09:18:22'),
(45, 'nemo', 'Autem aut dolores in consequatur ipsa dolorem. Id in suscipit sed. Reprehenderit beatae voluptates fuga fuga culpa corrupti. Non aut voluptates quod.', 577, 6, 18, '2018-12-28 09:18:22', '2018-12-28 09:18:22'),
(46, 'beatae', 'Assumenda inventore eius dolorem minus non libero eveniet pariatur. Nulla voluptatum accusamus accusantium enim provident ab omnis. Omnis ducimus rem est sapiente ducimus et. Corporis hic ut eveniet et impedit dolorem vero.', 665, 6, 17, '2018-12-28 09:18:22', '2018-12-28 09:18:22'),
(47, 'et', 'Culpa impedit voluptatibus est odit ipsam. Voluptatem aut laboriosam vel atque doloremque eius. Cumque et est ad dolorum facilis placeat deleniti.', 570, 1, 26, '2018-12-28 09:18:22', '2018-12-28 09:18:22'),
(48, 'et', 'Velit dolores quisquam nulla esse ut. Omnis sequi nulla quae. Hic soluta quia suscipit dolores tempora.', 381, 6, 29, '2018-12-28 09:18:22', '2018-12-28 09:18:22'),
(49, 'illo', 'Quisquam eum dignissimos perspiciatis saepe temporibus. Maxime qui cupiditate voluptas non. Vitae dolorem qui error illum qui quo. Aspernatur nihil praesentium ea qui.', 503, 8, 23, '2018-12-28 09:18:22', '2018-12-28 09:18:22'),
(50, 'cupiditate', 'Quos repellat adipisci veritatis occaecati aut. Qui quisquam dolorem sunt quo illo rerum rem. Sapiente consequatur officia qui sit et alias.', 891, 4, 11, '2018-12-28 09:18:22', '2018-12-28 09:18:22');

-- --------------------------------------------------------

--
-- Table structure for table `reviews`
--

CREATE TABLE `reviews` (
  `id` int(10) UNSIGNED NOT NULL,
  `product_id` int(10) UNSIGNED NOT NULL,
  `customer` varchar(255) COLLATE utf8mb4_unicode_ci NOT NULL,
  `review` text COLLATE utf8mb4_unicode_ci NOT NULL,
  `star` int(11) NOT NULL,
  `created_at` timestamp NULL DEFAULT NULL,
  `updated_at` timestamp NULL DEFAULT NULL
) ENGINE=InnoDB DEFAULT CHARSET=utf8mb4 COLLATE=utf8mb4_unicode_ci;

--
-- Dumping data for table `reviews`
--

INSERT INTO `reviews` (`id`, `product_id`, `customer`, `review`, `star`, `created_at`, `updated_at`) VALUES
(1, 43, 'Lyric VonRueden', 'Ea velit provident sequi magnam ut sed maiores ab. Deserunt minus ut facilis odio. Voluptatem sapiente cum aut. Ab aut itaque facilis consequatur voluptates voluptatem accusantium.', 1, '2018-12-28 09:18:22', '2018-12-28 09:18:22'),
(2, 5, 'Prof. Constance Cronin', 'Qui omnis aut iure repellendus dolores ipsam officia blanditiis. Sit vitae ducimus hic aliquam labore nemo sed. Qui sit omnis voluptatibus omnis.', 5, '2018-12-28 09:18:22', '2018-12-28 09:18:22'),
(3, 28, 'Otis Koch', 'Veritatis et nihil veniam omnis enim. Nulla ut cum veritatis atque rem. Ut reiciendis vel aut eveniet sit.', 4, '2018-12-28 09:18:22', '2018-12-28 09:18:22'),
(4, 41, 'Prof. Alejandra Donnelly IV', 'Deserunt exercitationem et deleniti possimus cumque velit eveniet. Voluptate doloremque at neque qui quisquam quo. Ut dicta ratione repellat numquam et. Totam excepturi accusantium eos repudiandae.', 3, '2018-12-28 09:18:22', '2018-12-28 09:18:22'),
(5, 7, 'Mrs. Martine Marquardt', 'Suscipit quia excepturi ut dolore et. Dignissimos quae natus iusto excepturi. Iusto necessitatibus aut reiciendis id sint. Saepe saepe est dolore officia velit et. Aut explicabo libero quod dignissimos laborum error.', 3, '2018-12-28 09:18:22', '2018-12-28 09:18:22'),
(6, 15, 'Wanda Adams III', 'Quibusdam id aperiam et qui maxime eaque vel. Veritatis voluptas vero libero voluptate natus pariatur omnis. Nemo illo velit ut odio voluptas quis facere quaerat. Eum voluptate minus modi ipsa.', 5, '2018-12-28 09:18:22', '2018-12-28 09:18:22'),
(7, 6, 'Rosanna Keeling', 'Temporibus culpa expedita temporibus aut dolore. Tempore maiores et molestiae eius ad quis provident rerum. Dicta corporis ea ut.', 0, '2018-12-28 09:18:22', '2018-12-28 09:18:22'),
(8, 9, 'Elvie Weimann', 'Nihil voluptas quia rem. Sequi voluptas animi natus voluptate dicta. Provident repellat aut et molestiae. Quia illo quaerat quam fuga temporibus unde.', 5, '2018-12-28 09:18:23', '2018-12-28 09:18:23'),
(9, 50, 'Nola Keebler', 'Voluptate ut sint dolorem assumenda. Id ipsa quo voluptatem nesciunt incidunt.', 4, '2018-12-28 09:18:23', '2018-12-28 09:18:23'),
(10, 6, 'Jena Murphy', 'Labore commodi dolor nobis voluptatibus. Aut id est id delectus voluptas officia. Error consequatur atque provident qui possimus qui rerum. Facilis amet est ut consectetur quaerat qui.', 0, '2018-12-28 09:18:23', '2018-12-28 09:18:23'),
(11, 33, 'Stella Balistreri', 'Earum repellat voluptas quia ut atque ipsa. Dolor quia quaerat odio assumenda dolore. Sunt maiores et omnis deserunt ut consequuntur velit.', 1, '2018-12-28 09:18:23', '2018-12-28 09:18:23'),
(12, 11, 'Randi Torp', 'Aut voluptatum asperiores laudantium illo dolores enim. Ducimus rerum voluptatem et et. Itaque cum eius rerum dolores soluta esse. Rerum dolor nesciunt reprehenderit cum voluptatem in culpa.', 2, '2018-12-28 09:18:23', '2018-12-28 09:18:23'),
(13, 37, 'Gilberto Dicki', 'Neque autem magnam ipsam et voluptas necessitatibus. Adipisci deserunt unde eaque. Beatae soluta quidem earum ut et sunt. Repellat id quis expedita laboriosam earum ullam et. Accusantium omnis dolor porro corrupti adipisci ullam quo culpa.', 2, '2018-12-28 09:18:23', '2018-12-28 09:18:23'),
(14, 28, 'Kiel Okuneva', 'Enim saepe cumque provident officia reiciendis. Vero fugit ipsum veritatis est odit et. Et enim pariatur rerum ipsum perferendis aspernatur corporis.', 5, '2018-12-28 09:18:23', '2018-12-28 09:18:23'),
(15, 11, 'Heather Mayer', 'Fugiat provident est esse totam id similique quas. Hic culpa similique perferendis veniam esse eligendi impedit. Deleniti ipsa eligendi laborum ut. Ea qui velit nihil blanditiis.', 3, '2018-12-28 09:18:23', '2018-12-28 09:18:23'),
(16, 7, 'Anita Erdman', 'Nisi enim est odio dolores id non perferendis. Rerum odit earum et dolore. Omnis fugiat distinctio quod numquam at aut voluptate. Officia commodi provident repellendus eos. Molestias perspiciatis sequi accusamus esse.', 5, '2018-12-28 09:18:23', '2018-12-28 09:18:23'),
(17, 38, 'Lorna Franecki DDS', 'Quaerat sit ipsa repellat et ut optio nihil aliquid. Maxime ullam quidem eveniet at mollitia ab ut sint. Dolores voluptas velit ullam. Officia eum velit suscipit sit praesentium id earum. Debitis tempore sint at quas veritatis numquam.', 1, '2018-12-28 09:18:23', '2018-12-28 09:18:23'),
(18, 12, 'Raphael McGlynn Sr.', 'Et unde sequi sint. Rem debitis id quas qui. A voluptate eaque iste explicabo inventore debitis.', 2, '2018-12-28 09:18:23', '2018-12-28 09:18:23'),
(19, 2, 'Mr. Madisen Bashirian', 'Qui inventore vel consequatur corrupti adipisci et molestiae neque. Est eaque modi laboriosam corporis impedit. Voluptate molestias consequuntur quibusdam. Modi sunt qui ut et aut est et velit.', 5, '2018-12-28 09:18:23', '2018-12-28 09:18:23'),
(20, 2, 'Dameon Bogan', 'Accusantium velit unde magni voluptas incidunt doloremque ut. Omnis accusamus dolore placeat eaque libero quae. Facere soluta nisi veritatis facere ducimus iusto sit.', 5, '2018-12-28 09:18:23', '2018-12-28 09:18:23'),
(21, 42, 'Malachi Simonis MD', 'Ipsam quo esse saepe voluptate. Ut ut similique ex consequatur accusantium enim quam. Omnis ipsa qui sit similique id provident illum. Tenetur sed quasi et officiis aspernatur dolorem.', 0, '2018-12-28 09:18:23', '2018-12-28 09:18:23'),
(22, 20, 'Rose Nader', 'Necessitatibus voluptatem facilis itaque tempore ipsam ad pariatur. Ut quis delectus maxime modi. Tempore debitis id labore.', 4, '2018-12-28 09:18:23', '2018-12-28 09:18:23'),
(23, 37, 'Prof. Kassandra Ritchie', 'Quo exercitationem sint ut. Quaerat qui doloribus fuga et. Maiores non dolorem quam ratione doloremque. Eveniet voluptatem facere rerum sapiente incidunt consequatur qui dolor.', 5, '2018-12-28 09:18:23', '2018-12-28 09:18:23'),
(24, 42, 'Victoria Ortiz', 'Quis numquam nihil est fugit dicta unde sit nam. Fugiat eum labore consequatur ipsa aut qui. Et ipsam dolores qui sint porro maxime.', 5, '2018-12-28 09:18:23', '2018-12-28 09:18:23'),
(25, 28, 'Josephine Huel Sr.', 'Aut et voluptatibus ut minima repudiandae. Saepe repudiandae nesciunt ex consequatur. Praesentium pariatur omnis dicta animi cupiditate asperiores est.', 1, '2018-12-28 09:18:23', '2018-12-28 09:18:23'),
(26, 31, 'Theron Grimes', 'Deserunt quos quis in eius sint nisi aperiam. Deserunt aliquid magnam reiciendis. Optio quia neque enim maxime ea nostrum. Illum praesentium officia quod ut.', 1, '2018-12-28 09:18:23', '2018-12-28 09:18:23'),
(27, 14, 'Dr. Johnpaul Brekke', 'Magnam sequi excepturi ut sit ullam magnam maxime. Consequatur eligendi animi ut eius alias et numquam. Nulla dolorem ipsum et doloremque. Repellendus quod quia nisi. Necessitatibus ex ut consectetur officia.', 0, '2018-12-28 09:18:23', '2018-12-28 09:18:23'),
(28, 50, 'Geoffrey Trantow MD', 'Nesciunt excepturi velit et eligendi aut perspiciatis. Unde et vel velit voluptatum asperiores autem sint commodi. Dolorem possimus rem consequatur similique totam facere. Aut rerum itaque ut dolorem reiciendis adipisci quam.', 2, '2018-12-28 09:18:23', '2018-12-28 09:18:23'),
(29, 28, 'Eulah Jast', 'Voluptas provident velit odio qui. Sit voluptas modi dolore quam molestiae. Tenetur ut esse iusto velit.', 3, '2018-12-28 09:18:23', '2018-12-28 09:18:23'),
(30, 14, 'Emerald Crona', 'Sed voluptas molestiae dolorum et voluptatem aspernatur repudiandae nulla. Nam qui quia fugiat quod nihil. Et aut deleniti voluptates sequi reiciendis quae laboriosam rerum. Vitae eos rem nihil vel eum illum.', 2, '2018-12-28 09:18:23', '2018-12-28 09:18:23'),
(31, 29, 'Nicole Hackett', 'Ad quam perferendis delectus suscipit aliquam necessitatibus repellat. Rerum sit quas nesciunt. Soluta mollitia in aut est nisi earum accusantium. Eos eaque quibusdam debitis nobis iure iste.', 5, '2018-12-28 09:18:23', '2018-12-28 09:18:23'),
(32, 38, 'Rashad Ratke V', 'Ea ut labore blanditiis sed eos provident. Vitae veritatis qui dolorem quo soluta eum perspiciatis.', 2, '2018-12-28 09:18:23', '2018-12-28 09:18:23'),
(33, 38, 'Dr. Ralph Von', 'Et quisquam quisquam sit itaque illum. Assumenda ratione ducimus ratione et accusantium animi est. Iusto voluptas iste sapiente asperiores beatae mollitia.', 3, '2018-12-28 09:18:23', '2018-12-28 09:18:23'),
(34, 9, 'Markus Ritchie', 'Magnam voluptatem labore voluptatibus sint. Nam in molestiae minima. Inventore expedita illum inventore possimus dolorem voluptas fuga. Repudiandae enim quis iure soluta minus saepe.', 1, '2018-12-28 09:18:23', '2018-12-28 09:18:23'),
(35, 38, 'Jamel Sipes PhD', 'Sint distinctio ut sit eum officia. Suscipit sequi molestiae blanditiis dolorem illo. Voluptatem nesciunt quae sapiente et quia.', 5, '2018-12-28 09:18:23', '2018-12-28 09:18:23'),
(36, 32, 'Prof. Jovany Schamberger V', 'Facilis rerum in quidem. Nisi ut commodi expedita ut omnis. Consequuntur voluptatem qui eveniet omnis odit.', 4, '2018-12-28 09:18:23', '2018-12-28 09:18:23'),
(37, 15, 'Brielle Watsica', 'Accusantium adipisci blanditiis sed voluptas commodi. Temporibus repellat quasi ut esse. Qui sapiente fuga ex nihil. Ut consequatur vel perspiciatis facere quod.', 1, '2018-12-28 09:18:23', '2018-12-28 09:18:23'),
(38, 7, 'Marisol Koelpin II', 'Ea sit doloremque qui accusamus omnis provident delectus. Voluptatem in magni et vel atque.', 5, '2018-12-28 09:18:24', '2018-12-28 09:18:24'),
(39, 24, 'Dr. Alexie Johnson I', 'Totam beatae sint dolorem possimus qui non. Corrupti eos dolorem sunt est ab. Minima dolor aut aperiam ut.', 4, '2018-12-28 09:18:24', '2018-12-28 09:18:24'),
(40, 5, 'Prof. Doug Larson', 'Ratione numquam quasi inventore minus aspernatur. Error a laborum dignissimos officia eligendi. Quia autem qui nobis voluptas dolores.', 4, '2018-12-28 09:18:24', '2018-12-28 09:18:24'),
(41, 26, 'Delfina Konopelski', 'Unde dolor qui ea ipsum ut inventore non blanditiis. Aut dolorem facere rerum ratione rerum. Voluptatem eum ab dicta soluta impedit facere vel. Odio aut aspernatur nam ut.', 0, '2018-12-28 09:18:24', '2018-12-28 09:18:24'),
(42, 48, 'Lonzo Bauch Jr.', 'Facilis autem blanditiis magni harum. Cum ut perspiciatis eum non doloribus porro. Rerum id iure consectetur culpa quos ex. Nesciunt placeat voluptates asperiores magni. Ut repudiandae perspiciatis soluta animi autem delectus.', 3, '2018-12-28 09:18:24', '2018-12-28 09:18:24'),
(43, 37, 'Fritz Torphy', 'Dolore tempora adipisci harum id non ea. Omnis dignissimos suscipit sequi voluptate et quasi. Occaecati reprehenderit voluptatem suscipit dicta temporibus accusamus quia.', 3, '2018-12-28 09:18:24', '2018-12-28 09:18:24'),
(44, 29, 'Donato Lubowitz', 'Maxime excepturi esse dolor aut sit neque. Ratione earum quo est mollitia architecto. Asperiores quidem eum necessitatibus voluptates.', 1, '2018-12-28 09:18:24', '2018-12-28 09:18:24'),
(45, 3, 'Lonnie Kautzer', 'Illum non placeat illo recusandae in. Voluptatem modi modi et est error. Voluptas quos rerum eos eum dicta exercitationem. Distinctio quis eveniet quia accusantium consequatur.', 4, '2018-12-28 09:18:24', '2018-12-28 09:18:24'),
(46, 2, 'Yasmin Torp', 'Adipisci esse debitis est fugit. Non corrupti aut nihil officiis est saepe animi. Est est eum blanditiis ratione quam unde. Harum iure ratione qui itaque consequatur assumenda ad.', 0, '2018-12-28 09:18:24', '2018-12-28 09:18:24'),
(47, 14, 'Madge Dooley II', 'Laborum mollitia quibusdam iste qui aut voluptatem est enim. Aliquid reprehenderit totam consequuntur et. Expedita veritatis ad fugit incidunt velit necessitatibus.', 0, '2018-12-28 09:18:24', '2018-12-28 09:18:24'),
(48, 40, 'Ross Hills', 'Cum harum nisi autem. In voluptas at odio autem suscipit.', 1, '2018-12-28 09:18:24', '2018-12-28 09:18:24'),
(49, 41, 'Courtney Johnston', 'Quia illo repellendus quis ex cum cupiditate. Voluptatem quia quo saepe aut sed omnis veniam aspernatur. Deserunt sed assumenda ad enim nisi ullam voluptas. Dolores occaecati ea nam asperiores.', 1, '2018-12-28 09:18:24', '2018-12-28 09:18:24'),
(50, 32, 'Henderson Blick V', 'Ut assumenda architecto occaecati maiores rerum sed. Non voluptatibus nulla fugit non sint. Corrupti assumenda voluptas magnam nostrum sed iste natus. Suscipit facere quas ad sed sed consequatur enim.', 1, '2018-12-28 09:18:24', '2018-12-28 09:18:24'),
(51, 39, 'Benjamin Goyette', 'Quasi quo vel et. Sit corrupti eligendi vitae similique laudantium ipsa.', 4, '2018-12-28 09:18:24', '2018-12-28 09:18:24'),
(52, 27, 'Imelda Reynolds MD', 'Sit qui illo minima. Perferendis voluptatum labore qui excepturi. Dolore aut harum fugit eius consequatur et qui assumenda. Illum natus id dolorum aut assumenda.', 4, '2018-12-28 09:18:24', '2018-12-28 09:18:24'),
(53, 24, 'Joe Vandervort', 'Ipsa voluptatem esse nulla eum nihil sequi. Non qui quasi non enim explicabo sed debitis enim. Dolor corrupti ipsa voluptates quia. Nihil molestiae et eum id molestias.', 1, '2018-12-28 09:18:24', '2018-12-28 09:18:24'),
(54, 18, 'Lera Mitchell', 'Nihil veniam nesciunt quia autem molestiae. Fugit nemo dolorem cumque fugit earum velit voluptas. Cupiditate qui excepturi voluptate in aut aut qui.', 2, '2018-12-28 09:18:24', '2018-12-28 09:18:24'),
(55, 9, 'Louisa Connelly PhD', 'Vitae aperiam et accusantium nihil delectus. Tenetur at voluptatem cum nihil omnis. Enim quae voluptas placeat sit sint ipsam rerum. Qui dolores id sunt.', 3, '2018-12-28 09:18:24', '2018-12-28 09:18:24'),
(56, 15, 'Jarrell Bradtke', 'Ut modi non non dolor. Aut earum at id ex perspiciatis qui omnis. Ab impedit neque occaecati odit quis officia asperiores. Maxime labore dolores dicta quia qui et velit. Beatae nihil laudantium esse velit unde voluptatem.', 5, '2018-12-28 09:18:24', '2018-12-28 09:18:24'),
(57, 23, 'Margaret Sipes', 'Sit voluptas sed aut eveniet doloribus harum animi. Sit ut voluptatibus necessitatibus vel sit. Qui ut minus aperiam quae dolor aut fugiat asperiores. Voluptas itaque cum rerum sunt veritatis illum voluptatem et.', 1, '2018-12-28 09:18:24', '2018-12-28 09:18:24'),
(58, 15, 'Kathryne Vandervort PhD', 'Ipsam voluptatem libero sint esse modi. Et aperiam repellendus nisi pariatur ut ea. Impedit tempore inventore iure quis error modi et.', 4, '2018-12-28 09:18:24', '2018-12-28 09:18:24'),
(59, 41, 'Westley Waters', 'Odit harum hic possimus deserunt voluptas minima culpa. Est sit molestias quibusdam quod impedit architecto culpa. Et laboriosam ut dolorem voluptate et suscipit praesentium. Esse deleniti dolorem labore et provident.', 4, '2018-12-28 09:18:24', '2018-12-28 09:18:24'),
(60, 42, 'Makayla Pfeffer', 'Quibusdam cumque quibusdam corporis quo. Asperiores architecto voluptates illum aperiam natus consequatur dolores. Hic qui et odit vel. Fugiat nemo itaque voluptas sunt rerum qui dolor.', 5, '2018-12-28 09:18:24', '2018-12-28 09:18:24'),
(61, 29, 'Mr. Gus Robel IV', 'Aut quis sit voluptate consequatur eum. Omnis voluptatem corrupti itaque laborum minus. Iste nemo maiores ex natus officiis consequuntur.', 2, '2018-12-28 09:18:25', '2018-12-28 09:18:25'),
(62, 47, 'Dr. Josefina Hessel I', 'Deserunt laudantium rem suscipit aspernatur sed exercitationem nesciunt explicabo. Adipisci distinctio excepturi facilis nisi quod nam reiciendis. Soluta perferendis ratione ipsa id laborum deleniti. Enim non omnis illum tempore dolores eligendi nesciunt.', 5, '2018-12-28 09:18:25', '2018-12-28 09:18:25'),
(63, 3, 'Susan Glover', 'Quidem voluptatem mollitia provident ducimus. Nihil ut omnis dicta eos distinctio. Iste quo molestiae doloribus. Nam velit repellat veritatis et quae.', 2, '2018-12-28 09:18:25', '2018-12-28 09:18:25'),
(64, 50, 'Guiseppe Kling', 'Consequuntur rerum aut doloribus dolorum quasi. Aliquid accusamus culpa labore officia doloribus nostrum qui. Ex et beatae facilis facilis.', 1, '2018-12-28 09:18:25', '2018-12-28 09:18:25'),
(65, 41, 'Ms. Polly Green Jr.', 'Est qui voluptatem qui magnam dolorem saepe. Saepe excepturi autem id dignissimos ad. Commodi modi voluptas sequi impedit eligendi accusamus corporis. Omnis cum iste ipsa in iste.', 1, '2018-12-28 09:18:25', '2018-12-28 09:18:25'),
(66, 22, 'Dr. Lessie Nienow', 'Ut eum cum eos accusamus quas. Enim qui minus delectus laboriosam cupiditate. Error non enim quibusdam vel sed. Maxime quasi dolorum quo provident.', 4, '2018-12-28 09:18:25', '2018-12-28 09:18:25'),
(67, 48, 'Minerva Grady', 'Fuga maxime dicta quia non voluptas aliquid. Aut optio magnam eum maxime dicta. Dolor modi voluptas esse quam deserunt.', 4, '2018-12-28 09:18:25', '2018-12-28 09:18:25'),
(68, 28, 'Prof. Jasen Beier', 'Quidem possimus voluptatum placeat. Dolorum rerum optio error dolorem sed. Quo sequi velit excepturi. Qui non eum enim voluptatem aut.', 4, '2018-12-28 09:18:25', '2018-12-28 09:18:25'),
(69, 15, 'Carli Hilpert', 'Occaecati in placeat doloremque sed quia. Voluptatum nam nam dolore sed aut necessitatibus. Minus inventore atque illo possimus odit.', 1, '2018-12-28 09:18:25', '2018-12-28 09:18:25'),
(70, 14, 'Serenity Schmeler III', 'Perferendis beatae repudiandae quidem architecto recusandae unde. Ab aut dolores dolorem deleniti. Aut dolor et est eum tempora optio odio. Cupiditate voluptas pariatur laborum.', 5, '2018-12-28 09:18:25', '2018-12-28 09:18:25'),
(71, 38, 'Miss Karlee Lynch Sr.', 'Qui accusantium dolorem est asperiores. Eligendi ut quidem et aut. Accusantium ea eaque accusantium quaerat velit autem illum. Laudantium iusto harum rem.', 4, '2018-12-28 09:18:25', '2018-12-28 09:18:25'),
(72, 32, 'Mrs. Fanny Gottlieb DDS', 'Officiis dicta non ipsum rem iure laboriosam. Voluptates ut quisquam voluptatem assumenda quas laboriosam. Ipsa error fugit ipsa quis. Ut voluptatum perferendis eum mollitia veniam.', 1, '2018-12-28 09:18:25', '2018-12-28 09:18:25'),
(73, 23, 'Reuben Raynor', 'Autem eos non assumenda non. Nostrum fuga quia soluta error quo illum dolor. Non impedit ut aliquid quasi officiis. Sunt est minus eos sit. Non eos ad animi repudiandae sit est.', 4, '2018-12-28 09:18:25', '2018-12-28 09:18:25'),
(74, 24, 'Dr. Santiago Carroll', 'Consectetur ut voluptate quis est suscipit eaque cupiditate. Necessitatibus inventore repudiandae reiciendis voluptas totam.', 2, '2018-12-28 09:18:25', '2018-12-28 09:18:25'),
(75, 22, 'Bernie Denesik', 'Iusto cupiditate non aut quaerat ut consequatur eum. Vero quibusdam voluptatem et fugiat.', 1, '2018-12-28 09:18:25', '2018-12-28 09:18:25'),
(76, 4, 'Hollis Moore', 'Doloribus ut sint ea. Nobis reiciendis neque aperiam officiis animi animi aut. Modi aut et quisquam dolorum rem explicabo facere ullam. A fuga cum qui soluta odit nostrum vel. Dolorem tempore eius recusandae et consequatur est consequatur.', 4, '2018-12-28 09:18:25', '2018-12-28 09:18:25'),
(77, 35, 'Tyler Kassulke', 'Optio et quia at ipsa omnis. Impedit eum ipsam numquam repudiandae blanditiis amet. Dolores aspernatur quibusdam sequi tempore error blanditiis amet.', 2, '2018-12-28 09:18:25', '2018-12-28 09:18:25'),
(78, 10, 'Lavern Leuschke', 'Fugiat modi maxime reiciendis in voluptatum maxime aut. Placeat sed unde aut qui et. Rerum temporibus eum a velit nostrum perspiciatis eligendi.', 1, '2018-12-28 09:18:25', '2018-12-28 09:18:25'),
(79, 31, 'Dr. Zakary Cormier', 'Ut nemo exercitationem commodi eaque quia. Tempora nisi unde iusto amet ab nobis ex. Autem rerum dolore molestiae occaecati reprehenderit qui. Nulla consequatur doloremque harum quidem aut eaque.', 1, '2018-12-28 09:18:25', '2018-12-28 09:18:25'),
(80, 24, 'Melissa Pacocha I', 'Nemo laboriosam eligendi consequatur qui iusto. Rerum ducimus ut aspernatur quisquam dolorum omnis rem fuga. Eveniet ut voluptatibus sunt unde. Velit molestiae nemo maxime laborum maiores.', 5, '2018-12-28 09:18:25', '2018-12-28 09:18:25'),
(81, 35, 'Toni Okuneva DVM', 'Veritatis id ea omnis illo autem eius autem. Ullam perspiciatis qui asperiores ut atque animi totam quis. Dolorum saepe suscipit aspernatur minima.', 3, '2018-12-28 09:18:25', '2018-12-28 09:18:25'),
(82, 14, 'Dr. Sammy Dickens', 'Necessitatibus eos ipsam ut tempore ad nihil. Aut officia sunt libero nobis. Nesciunt dicta facilis ea et aut et sed.', 1, '2018-12-28 09:18:25', '2018-12-28 09:18:25'),
(83, 10, 'Prof. Kristin Hamill', 'Et sit ipsum numquam ducimus perspiciatis. Et quo sequi atque voluptas et neque inventore. Aspernatur iure nostrum voluptas ea. Voluptates qui eveniet excepturi officiis nisi provident rerum.', 5, '2018-12-28 09:18:25', '2018-12-28 09:18:25'),
(84, 4, 'Preston Sauer', 'Harum aperiam omnis qui et. Et aut eum nihil laborum doloribus et. In possimus nostrum sint vel rem nesciunt quod.', 5, '2018-12-28 09:18:25', '2018-12-28 09:18:25'),
(85, 33, 'Claudia Johns', 'Quia dolor aperiam iusto incidunt consequatur necessitatibus eos. Voluptates et non tenetur dolores accusamus quidem et. Explicabo qui mollitia eum dolorum qui maxime.', 2, '2018-12-28 09:18:25', '2018-12-28 09:18:25'),
(86, 43, 'Prof. Jana Lueilwitz PhD', 'Occaecati fuga maxime qui sunt. Ducimus est doloribus expedita. Dolores ipsa consequatur fugit qui aut modi et. Cum eum ad minima similique.', 3, '2018-12-28 09:18:25', '2018-12-28 09:18:25'),
(87, 35, 'Wyman Marquardt', 'Tempora laborum incidunt sed rem. Qui impedit enim est recusandae deleniti dolor neque distinctio. Sint est minus non repellendus dolorem molestiae ipsum est. Odit placeat quae quisquam.', 4, '2018-12-28 09:18:25', '2018-12-28 09:18:25'),
(88, 49, 'Susana Conroy', 'Quia sequi incidunt aliquid error sint reiciendis numquam. Animi at iusto amet commodi ea dolorem modi. Aut neque voluptas hic voluptatem quibusdam temporibus. Expedita quos qui sit inventore id quo ab.', 2, '2018-12-28 09:18:25', '2018-12-28 09:18:25'),
(89, 25, 'Jana Borer DDS', 'Distinctio qui et modi sit illum. Ex explicabo tenetur corrupti minima vel. Minus optio sequi repellat doloremque adipisci omnis perspiciatis fuga. Aut aut nihil sapiente.', 3, '2018-12-28 09:18:25', '2018-12-28 09:18:25'),
(90, 28, 'Miss Darlene Prohaska', 'Nam sed unde id optio saepe officiis. Aliquid ab aut est. Suscipit vel nobis consequatur repellat nihil.', 2, '2018-12-28 09:18:25', '2018-12-28 09:18:25'),
(91, 12, 'Octavia Runolfsdottir DDS', 'Nemo id minima consequatur molestiae iusto et. Nulla rem vero cumque et dolorem. Animi ratione totam excepturi assumenda odio molestias iure. Et autem ut aut vitae sapiente quod.', 2, '2018-12-28 09:18:26', '2018-12-28 09:18:26'),
(92, 47, 'Shaniya Wiza', 'Distinctio consequatur sequi rem odio modi inventore consequatur. Facere dolor sequi culpa nisi. Dolor unde facere ratione laborum pariatur. Itaque incidunt harum ea reiciendis doloremque sequi in.', 1, '2018-12-28 09:18:26', '2018-12-28 09:18:26'),
(93, 4, 'Trystan Marquardt', 'Iure ea nemo enim. Et et corporis provident. Est provident recusandae nostrum sed aut autem odio quisquam.', 4, '2018-12-28 09:18:26', '2018-12-28 09:18:26'),
(94, 21, 'Haskell Jacobi', 'Eligendi sequi quibusdam aliquid qui incidunt qui rerum. Molestiae modi facilis omnis magni. Voluptatibus explicabo ad corporis libero. Nam molestiae minima voluptatem debitis dolor qui sed omnis.', 3, '2018-12-28 09:18:26', '2018-12-28 09:18:26'),
(95, 31, 'Brett Kautzer IV', 'Voluptates dolorum et est et voluptatum doloremque. Eos debitis error impedit similique assumenda qui. Deleniti id atque delectus id.', 5, '2018-12-28 09:18:26', '2018-12-28 09:18:26'),
(96, 49, 'Benedict Crona', 'Qui corporis voluptatem vel praesentium. Animi at omnis quasi commodi ducimus. Natus optio corporis laboriosam cupiditate et aut. Qui et enim aut possimus.', 2, '2018-12-28 09:18:26', '2018-12-28 09:18:26'),
(97, 26, 'Cora Will', 'Perferendis enim amet provident esse quibusdam. Veniam veritatis natus non minus magni labore sed laudantium. Deleniti sed corrupti non.', 3, '2018-12-28 09:18:26', '2018-12-28 09:18:26'),
(98, 30, 'Elenora Leannon', 'Blanditiis aut eveniet voluptas exercitationem ab adipisci enim. Voluptatem harum tempora repellat quasi dolores aspernatur velit. Sed quidem eveniet alias. Id ut molestiae nostrum et.', 2, '2018-12-28 09:18:26', '2018-12-28 09:18:26'),
(99, 27, 'Amari Von', 'Quia doloribus exercitationem id quos. Voluptas totam vel est qui sunt natus. Culpa eum ipsum et eligendi eum et sit.', 4, '2018-12-28 09:18:26', '2018-12-28 09:18:26'),
(100, 34, 'Emmy Waelchi', 'Illum culpa et labore dignissimos molestiae odio. Aut harum vel reiciendis eum aliquam modi fuga vel. Pariatur ex rerum eum velit sit repudiandae repudiandae. Id quidem facilis atque maiores dolor eos.', 5, '2018-12-28 09:18:26', '2018-12-28 09:18:26'),
(101, 14, 'Immanuel Kirlin', 'Omnis labore corrupti quidem quisquam quod. Totam animi maiores eum non non aut. Earum alias facere enim doloribus sit dolor nemo omnis. Harum sequi nulla voluptatibus id hic quibusdam.', 2, '2018-12-28 09:18:26', '2018-12-28 09:18:26'),
(102, 44, 'Stella Harris', 'Molestiae sint deserunt corrupti placeat porro odio. Aliquid eos voluptas dolorum. Impedit aliquid nam omnis nihil cum. Quia culpa non quis in.', 3, '2018-12-28 09:18:26', '2018-12-28 09:18:26'),
(103, 13, 'Hayden Franecki', 'Nihil amet laboriosam aut sint dolorum. Delectus deserunt explicabo enim veritatis. Quis repudiandae rem voluptas molestias commodi. Non labore voluptas quo cum assumenda.', 3, '2018-12-28 09:18:26', '2018-12-28 09:18:26'),
(104, 4, 'Mr. Fred Dicki II', 'Officia ipsa quia rerum aut est explicabo voluptates. Laboriosam provident praesentium quae quia qui dolores ad magni. Maxime iste earum neque vero sint. Ab in eveniet harum dolor.', 4, '2018-12-28 09:18:26', '2018-12-28 09:18:26'),
(105, 26, 'Major O\'Connell', 'Ipsam quos quis est porro. Voluptas repudiandae eligendi vel et. Voluptatem voluptas itaque fugiat et.', 0, '2018-12-28 09:18:26', '2018-12-28 09:18:26'),
(106, 25, 'Vaughn Dooley', 'Et dolor sed sed aut. Iusto omnis minima rerum aut nesciunt. Officiis corporis velit et placeat qui. Soluta distinctio ut qui numquam.', 0, '2018-12-28 09:18:26', '2018-12-28 09:18:26'),
(107, 11, 'Misael Jacobs', 'Voluptatum et consequatur voluptas. Culpa beatae aut deleniti aut itaque minima quidem. Natus neque impedit aliquam. Aliquid delectus explicabo quis qui. Voluptatum at dolor ea suscipit temporibus sed nostrum.', 4, '2018-12-28 09:18:26', '2018-12-28 09:18:26'),
(108, 49, 'Korey Dibbert MD', 'Iure et dolorem fugit suscipit omnis. Voluptatibus aliquid nihil asperiores deleniti maxime. Tempora molestias veniam aut velit et impedit. Eum est reprehenderit dolor impedit labore.', 4, '2018-12-28 09:18:26', '2018-12-28 09:18:26'),
(109, 32, 'Marjorie Ratke', 'Doloribus non assumenda quo sint voluptas. Corrupti placeat unde voluptas ipsum soluta. Vero rerum totam suscipit modi quia laborum quidem. Non fugit facilis voluptas. Ut et nam assumenda consequuntur.', 0, '2018-12-28 09:18:26', '2018-12-28 09:18:26'),
(110, 13, 'Elsie Glover', 'Minus incidunt quibusdam sit aut sint. Iste esse autem velit eos. Consectetur velit tenetur quis nihil excepturi nemo qui. Est omnis id et dolor deleniti et. Velit est animi quo magnam odit ipsum commodi.', 3, '2018-12-28 09:18:26', '2018-12-28 09:18:26'),
(111, 46, 'Arely Goldner DVM', 'Magni odio et nesciunt in. Dolores rem non similique excepturi consectetur. Aut reprehenderit est ut provident.', 5, '2018-12-28 09:18:26', '2018-12-28 09:18:26'),
(112, 23, 'Litzy Will Jr.', 'Aut placeat repellendus totam laudantium velit doloremque. Optio iusto rerum eaque amet omnis adipisci reiciendis. Sapiente iure excepturi ut quia. Quas quia molestiae occaecati molestias placeat.', 4, '2018-12-28 09:18:26', '2018-12-28 09:18:26'),
(113, 12, 'Casimir Runolfsson', 'Error laborum error omnis deserunt omnis est. Molestias at a blanditiis beatae. Assumenda modi dolorem est sint saepe. Praesentium ea tempore dolores quis.', 2, '2018-12-28 09:18:26', '2018-12-28 09:18:26'),
(114, 6, 'Wilfred Keeling', 'Et optio perferendis suscipit dolores eius aspernatur debitis. Debitis autem necessitatibus adipisci aut molestiae vel saepe. Et autem ut deserunt distinctio.', 1, '2018-12-28 09:18:26', '2018-12-28 09:18:26'),
(115, 1, 'Jada Mraz Sr.', 'Non incidunt laudantium ea ipsa perspiciatis. Ducimus quis non ut consequatur. Vel neque adipisci rerum repellat repellendus ratione dolorum. Nam provident et et voluptatem.', 4, '2018-12-28 09:18:26', '2018-12-28 09:18:26'),
(116, 4, 'Dr. Eino Skiles', 'Doloremque doloribus atque sed tempore maiores sit. Pariatur minus illo eligendi ex sed hic. Unde doloribus perspiciatis dicta fuga et fugiat fugiat.', 1, '2018-12-28 09:18:26', '2018-12-28 09:18:26'),
(117, 12, 'Everette Hegmann', 'Non blanditiis minima dolor ut natus molestias a. Quia sapiente sed voluptatibus officiis. Vero in et voluptatem. Illum repellendus aut aut in doloremque et aut.', 3, '2018-12-28 09:18:26', '2018-12-28 09:18:26'),
(118, 42, 'Janet Rutherford', 'Provident ad blanditiis autem. Cupiditate quis sint similique et sed cum sint. Et quo quo corporis rerum.', 4, '2018-12-28 09:18:26', '2018-12-28 09:18:26'),
(119, 10, 'Prof. Hortense Predovic Sr.', 'Accusamus aut beatae excepturi omnis impedit suscipit velit. Illo sed sint aliquid. Id pariatur voluptatem enim facere sint. Placeat ipsum iure inventore beatae quia. Adipisci eos velit qui alias ipsa voluptates ratione.', 2, '2018-12-28 09:18:27', '2018-12-28 09:18:27'),
(120, 1, 'Dr. Elijah Padberg', 'Culpa tempore cupiditate pariatur saepe repudiandae corporis excepturi. Et explicabo quae nostrum culpa. Pariatur dolores sequi perferendis beatae molestiae sint ut velit. Et itaque consequatur possimus unde voluptatum rerum labore. Enim esse facilis aut aliquid architecto.', 2, '2018-12-28 09:18:27', '2018-12-28 09:18:27'),
(121, 40, 'Miss Shanie Tremblay IV', 'Corporis aspernatur sint enim ut. Occaecati est quia necessitatibus neque et. Voluptas a voluptas fuga officia praesentium voluptas autem.', 2, '2018-12-28 09:18:27', '2018-12-28 09:18:27'),
(122, 4, 'Amiya Koch', 'Dolore totam rerum culpa distinctio. Occaecati nobis aliquam dolorem voluptatibus tempora quo sed. Expedita odio enim asperiores et autem illum debitis.', 1, '2018-12-28 09:18:27', '2018-12-28 09:18:27'),
(123, 50, 'Lewis Doyle I', 'Rerum et voluptatem quis sequi dolor commodi. Qui rem ut et ut inventore quam. Consequatur odio optio delectus similique. Nemo et est ducimus quae.', 4, '2018-12-28 09:18:27', '2018-12-28 09:18:27'),
(124, 48, 'Mrs. Winnifred Terry', 'Voluptas laboriosam voluptatem harum facere tenetur in. Illo animi et odio laboriosam qui aliquam. Sit quidem similique atque consequatur quidem dolore eum.', 3, '2018-12-28 09:18:27', '2018-12-28 09:18:27'),
(125, 36, 'Jewell Swift', 'Facilis quia magni at numquam magnam voluptate similique. Ducimus saepe perferendis minus sit dolore adipisci unde. Nisi vel nulla reiciendis et. Quae quia ut aspernatur magnam.', 5, '2018-12-28 09:18:27', '2018-12-28 09:18:27'),
(126, 21, 'Prof. Eden Schumm', 'Error necessitatibus itaque recusandae ipsum consequuntur reprehenderit. Nostrum alias sed inventore velit architecto. Quae reprehenderit et sed qui perspiciatis voluptatem non. Consectetur beatae quae maxime commodi voluptatem quo nam. Eos distinctio voluptas culpa veniam vel quae a.', 4, '2018-12-28 09:18:27', '2018-12-28 09:18:27'),
(127, 15, 'Gregoria Mosciski', 'Maxime recusandae commodi assumenda molestias corporis excepturi delectus. Veniam dolores et laudantium vitae voluptatem amet. Non saepe in tempora sit eligendi incidunt est qui.', 0, '2018-12-28 09:18:27', '2018-12-28 09:18:27'),
(128, 18, 'Shane Parisian Jr.', 'Repudiandae eum et dolorum accusantium. Officia dicta qui necessitatibus optio ut quis ex est. Non amet non laudantium quasi tempora.', 5, '2018-12-28 09:18:27', '2018-12-28 09:18:27'),
(129, 38, 'Emmalee Gleichner I', 'Est consequatur et nostrum maiores. Reprehenderit labore voluptas debitis.', 3, '2018-12-28 09:18:27', '2018-12-28 09:18:27'),
(130, 18, 'Daphney Wisozk DDS', 'Dolorem debitis facere consequatur ullam consequatur atque et. Ut enim architecto aliquid harum qui. Rem eos ex placeat aut eum fugiat suscipit.', 2, '2018-12-28 09:18:27', '2018-12-28 09:18:27'),
(131, 8, 'Prof. Tomas Bahringer', 'Necessitatibus beatae doloribus deserunt. Consequuntur culpa qui necessitatibus repellendus a itaque omnis. Nulla cum sed exercitationem dolorum id quisquam voluptatibus.', 1, '2018-12-28 09:18:27', '2018-12-28 09:18:27'),
(132, 12, 'Talon Connelly V', 'Ea nulla repellat aut quis. Quo quo earum deleniti iste. Deserunt odit aut molestiae voluptatem amet aliquam voluptas.', 2, '2018-12-28 09:18:27', '2018-12-28 09:18:27'),
(133, 43, 'Donny Russel', 'Illum illo consectetur repudiandae animi porro assumenda cumque. Ut rerum a voluptatibus neque et officia rerum. Ex magnam occaecati sed excepturi. Et aut eum iusto magnam dignissimos atque ea.', 5, '2018-12-28 09:18:27', '2018-12-28 09:18:27'),
(134, 8, 'Chadd Wehner', 'Numquam voluptatem vel at reprehenderit sunt minima recusandae. Facere praesentium veritatis molestiae nesciunt totam. Facilis sapiente est qui voluptas quam officiis tempora.', 4, '2018-12-28 09:18:27', '2018-12-28 09:18:27'),
(135, 27, 'Golda Macejkovic', 'Soluta laudantium saepe sed fugiat. Laborum ea laudantium hic cum molestias repudiandae quod ex. Qui qui ipsa cumque aut quidem. Eligendi iure rem molestias.', 5, '2018-12-28 09:18:27', '2018-12-28 09:18:27'),
(136, 29, 'Prof. Elian Jacobi', 'Quam praesentium ut provident officiis et. Id atque autem fugit commodi repellendus quia expedita.', 0, '2018-12-28 09:18:27', '2018-12-28 09:18:27'),
(137, 34, 'Cristal Satterfield', 'Incidunt commodi harum culpa ratione. Commodi ab veniam maxime. Molestias exercitationem eaque et. Sit perspiciatis atque non tempora vitae ut quia atque.', 4, '2018-12-28 09:18:27', '2018-12-28 09:18:27'),
(138, 15, 'Delphia Daugherty', 'Omnis totam ducimus repellendus dolorem voluptas id. Quas sequi consequatur aspernatur similique excepturi sit consectetur. Veniam consectetur officia suscipit. Velit asperiores nulla consequuntur modi sunt est.', 4, '2018-12-28 09:18:27', '2018-12-28 09:18:27'),
(139, 22, 'Hilma Pouros', 'Ut et nihil magni doloremque iure quam sint. Iure et qui facere unde. Non consequatur iusto ipsum rerum.', 1, '2018-12-28 09:18:28', '2018-12-28 09:18:28'),
(140, 7, 'Mr. Jonathan Graham', 'Facilis earum commodi consequatur illo repellendus in neque corporis. Odit placeat veritatis excepturi velit ab dolores id. Illum voluptatem totam provident sit error voluptatum labore voluptatem. Quis tempore quisquam facilis ullam nostrum et ipsa.', 2, '2018-12-28 09:18:28', '2018-12-28 09:18:28'),
(141, 36, 'Josefina Schaefer', 'Magnam eveniet assumenda aut hic minus. Iste est quos omnis accusantium animi et optio. Ipsam recusandae nobis asperiores tempora qui.', 1, '2018-12-28 09:18:28', '2018-12-28 09:18:28'),
(142, 25, 'Shania Cummerata', 'Quis eveniet repudiandae veritatis non qui voluptates. Et qui quisquam temporibus asperiores quia fuga. Officia velit magnam eos ea. Debitis libero sapiente laborum nisi totam.', 3, '2018-12-28 09:18:28', '2018-12-28 09:18:28'),
(143, 20, 'Dr. Kaylin Gutmann', 'Id iusto rerum ut eius. Nobis ratione sunt magni et. Amet vero sit soluta voluptate.', 1, '2018-12-28 09:18:28', '2018-12-28 09:18:28'),
(144, 12, 'Marjolaine Collins', 'Repellendus odio sunt nesciunt libero ipsam. Velit fugiat minima placeat et in.', 0, '2018-12-28 09:18:28', '2018-12-28 09:18:28'),
(145, 38, 'Annabelle Skiles', 'Sunt et aut rerum. Earum magni rem consectetur ipsam soluta debitis quaerat vitae. Ea sint et pariatur asperiores qui numquam animi placeat.', 4, '2018-12-28 09:18:28', '2018-12-28 09:18:28'),
(146, 26, 'Era Grady', 'Voluptatem deserunt sit nobis et iste. Atque ab officiis sit molestiae. Vero consequatur dolorem cupiditate dolor.', 1, '2018-12-28 09:18:28', '2018-12-28 09:18:28'),
(147, 42, 'London Bergstrom MD', 'Accusantium ea deserunt saepe eveniet ut consequatur. Recusandae magnam qui voluptas. Quas dignissimos qui tempore aut deleniti officiis sit aut. Nobis sunt voluptas exercitationem dolorum iusto quia est.', 0, '2018-12-28 09:18:28', '2018-12-28 09:18:28'),
(148, 4, 'Justyn D\'Amore DVM', 'Nemo facilis et non delectus quo reprehenderit harum. Dolorem est voluptatibus velit quo sit voluptas sit. Atque ut dolorem ad alias. Qui ea et autem numquam voluptatem delectus enim voluptatibus.', 3, '2018-12-28 09:18:28', '2018-12-28 09:18:28'),
(149, 10, 'Corrine Grimes MD', 'Laudantium autem corrupti sit doloribus est pariatur. Doloremque ut quasi eum minus. Sunt fugiat vero mollitia. Labore ut quis dignissimos hic sed.', 5, '2018-12-28 09:18:28', '2018-12-28 09:18:28'),
(150, 22, 'Emilie Beer', 'Culpa qui dolorem et ab. Eos consequuntur quisquam consequatur ad. Et aut sed pariatur aspernatur molestiae voluptatem possimus. Fugit corporis unde enim id sed eveniet.', 5, '2018-12-28 09:18:28', '2018-12-28 09:18:28'),
(151, 38, 'Polly Heaney', 'Sint voluptatem recusandae non tenetur sequi consectetur. Consequatur velit fugiat ut accusamus nemo incidunt. Laudantium cupiditate velit exercitationem.', 2, '2018-12-28 09:18:28', '2018-12-28 09:18:28'),
(152, 27, 'Maurine Lueilwitz PhD', 'Error est earum nemo. Dignissimos quam cum ut deserunt repudiandae quod. Et at et non cum magni.', 2, '2018-12-28 09:18:28', '2018-12-28 09:18:28'),
(153, 19, 'Mrs. Katrine Braun', 'Rerum quibusdam molestiae non tempore iste quos perferendis. Tempora ut ullam recusandae saepe culpa harum. Nisi sed repellat impedit eveniet eligendi. Et sapiente porro a error eos.', 5, '2018-12-28 09:18:28', '2018-12-28 09:18:28'),
(154, 15, 'Brayan Reilly', 'Delectus sequi et iusto consequuntur iure consectetur porro esse. Enim fugit at saepe. Voluptatem cum provident natus quae. Commodi fugiat quas enim fugit officia et.', 2, '2018-12-28 09:18:28', '2018-12-28 09:18:28'),
(155, 18, 'Reba Donnelly', 'Eum architecto optio perferendis soluta ab quibusdam accusantium provident. Aut harum ut itaque et maxime vel blanditiis. Minus doloribus delectus ullam ut natus laboriosam velit. Sequi error doloribus dicta magnam totam rerum.', 1, '2018-12-28 09:18:28', '2018-12-28 09:18:28'),
(156, 18, 'Dr. Cordelia Cruickshank', 'Nihil dolores quia et ea. Repudiandae facilis nulla inventore qui voluptates voluptas totam odit. Pariatur ipsam laudantium dignissimos magni adipisci enim illo. Dignissimos est doloribus voluptas ipsum dolor. Consectetur veritatis neque minus corporis molestias.', 2, '2018-12-28 09:18:28', '2018-12-28 09:18:28'),
(157, 25, 'Heath Pfeffer', 'Sint facilis laudantium perferendis autem soluta ut. Fugit corrupti qui necessitatibus non sed ut voluptatum. Vel dolorem et molestias est deleniti.', 4, '2018-12-28 09:18:28', '2018-12-28 09:18:28'),
(158, 27, 'Miss Jewell Murazik DVM', 'Ipsam mollitia sed tempora qui. Cumque dolorum praesentium et sunt voluptas nesciunt. Porro magnam sunt neque tempora quo eligendi. Voluptas qui excepturi eaque odio.', 1, '2018-12-28 09:18:28', '2018-12-28 09:18:28'),
(159, 10, 'Miss Vilma Weimann', 'Quas ducimus reprehenderit neque animi rerum autem. Optio sunt excepturi incidunt in aliquam. Est harum soluta totam repellat. Ea optio vero dolore dicta minima voluptas laudantium.', 3, '2018-12-28 09:18:28', '2018-12-28 09:18:28'),
(160, 23, 'Dr. Jeffery Kirlin', 'Qui omnis et sint voluptas molestiae maiores. Consequuntur dolores mollitia cum veritatis adipisci officiis tempora fugiat.', 4, '2018-12-28 09:18:28', '2018-12-28 09:18:28'),
(161, 33, 'Mr. Price Watsica MD', 'Est distinctio harum quia temporibus deleniti. Voluptas consequatur facere aut ratione eum delectus quis. Cumque autem blanditiis qui eum sit qui. Est ullam odit voluptate sunt qui.', 4, '2018-12-28 09:18:28', '2018-12-28 09:18:28'),
(162, 18, 'Alessandra Bechtelar', 'Possimus necessitatibus sunt perspiciatis adipisci excepturi ab. Temporibus vel et quos non delectus saepe ratione. Voluptas consequatur inventore recusandae temporibus. Qui distinctio voluptas ab totam architecto pariatur et.', 5, '2018-12-28 09:18:28', '2018-12-28 09:18:28'),
(163, 9, 'Kory Christiansen III', 'Incidunt distinctio et nisi atque minima accusantium. Ut incidunt facere voluptatibus aliquid nihil qui quia.', 1, '2018-12-28 09:18:28', '2018-12-28 09:18:28'),
(164, 26, 'Coleman Brakus', 'Praesentium magni quia ea quibusdam. Possimus soluta et dolorum reiciendis totam voluptatem. Vitae eum quo culpa est. Ipsa dolores nobis ab modi laudantium repudiandae. Et sint ipsa reiciendis ut repudiandae.', 3, '2018-12-28 09:18:28', '2018-12-28 09:18:28'),
(165, 35, 'Kip Herman PhD', 'Fugit deserunt totam saepe. Et maiores adipisci ullam architecto iusto earum molestias eius. Quod architecto nostrum quas tempora.', 2, '2018-12-28 09:18:28', '2018-12-28 09:18:28'),
(166, 9, 'Joaquin Lind II', 'Qui autem quia odit rerum. Eveniet maxime saepe inventore facere ut quia. Molestiae temporibus nemo pariatur facere aliquid.', 5, '2018-12-28 09:18:29', '2018-12-28 09:18:29'),
(167, 44, 'Lurline D\'Amore', 'Asperiores aliquam reiciendis repellat commodi atque asperiores. Doloribus quibusdam rerum sint quia vel qui. Et quibusdam aperiam non reiciendis animi voluptas. Soluta debitis dolores et placeat provident.', 1, '2018-12-28 09:18:29', '2018-12-28 09:18:29'),
(168, 37, 'Anderson Larson', 'Magni necessitatibus ad in ut. Eveniet omnis at cumque. Qui eum doloremque est quibusdam corrupti aut architecto.', 3, '2018-12-28 09:18:29', '2018-12-28 09:18:29'),
(169, 15, 'Mr. Amparo Kshlerin Sr.', 'Qui maxime aliquid consequatur. Dolore dignissimos facilis quia et. Sequi nostrum adipisci veritatis quia quidem est. Natus est eaque quia delectus omnis rerum ex.', 3, '2018-12-28 09:18:29', '2018-12-28 09:18:29'),
(170, 49, 'Allan Hudson', 'Id quasi eligendi possimus officia. Vero ea enim eum id et in sed. Eos ducimus sed suscipit aliquam aut eum. Dolorum nihil et est dolorum necessitatibus.', 1, '2018-12-28 09:18:29', '2018-12-28 09:18:29'),
(171, 17, 'Dortha Zboncak', 'Aut aut sed earum vero aut. Ut nam deserunt omnis qui. Porro quis aut quasi vitae autem.', 2, '2018-12-28 09:18:29', '2018-12-28 09:18:29'),
(172, 41, 'Shea Cummerata DDS', 'Sed est quo fugiat est ipsa qui ullam porro. Quod omnis rerum itaque autem perspiciatis a labore. In at perferendis modi voluptatem. Facilis iusto nisi ut deleniti assumenda.', 5, '2018-12-28 09:18:29', '2018-12-28 09:18:29'),
(173, 38, 'Dr. Brandt Smitham', 'Dolor architecto sed corrupti voluptatum molestias voluptas. Delectus voluptate atque et architecto.', 2, '2018-12-28 09:18:29', '2018-12-28 09:18:29'),
(174, 34, 'Yessenia Cormier', 'Architecto autem ut nisi porro et. Pariatur et et aspernatur vel reiciendis.', 3, '2018-12-28 09:18:29', '2018-12-28 09:18:29'),
(175, 31, 'Ms. Christine Sipes DDS', 'Laboriosam tenetur et omnis reprehenderit. Incidunt eius commodi cupiditate et voluptates qui. Autem consequuntur deleniti maiores qui voluptatibus.', 5, '2018-12-28 09:18:29', '2018-12-28 09:18:29'),
(176, 8, 'Rosalyn Williamson II', 'Ut repellendus voluptas sunt in. Eos provident fuga molestiae velit sit dolorum et. Vel vel velit aut aut eum. Voluptatem esse sit maiores unde. Cupiditate architecto tempore iusto debitis provident.', 3, '2018-12-28 09:18:29', '2018-12-28 09:18:29'),
(177, 22, 'Mrs. Aimee Johns', 'Aut quis voluptas eos illo. Quidem voluptatem distinctio asperiores sit. Distinctio repellendus voluptas consequuntur ut occaecati.', 3, '2018-12-28 09:18:29', '2018-12-28 09:18:29'),
(178, 34, 'Tyrell Stehr', 'Voluptas nam esse sunt placeat. Sapiente nisi nesciunt odit similique magnam. Voluptas corporis dolorem fugiat totam.', 2, '2018-12-28 09:18:29', '2018-12-28 09:18:29'),
(179, 20, 'Mrs. Tierra Windler', 'Consequuntur at qui adipisci ea quidem. Cupiditate est voluptates sapiente odit culpa. Aut non autem et molestias consequatur impedit ea. Voluptate asperiores laudantium hic quis aperiam quia voluptate.', 4, '2018-12-28 09:18:29', '2018-12-28 09:18:29'),
(180, 48, 'Loren Deckow', 'Voluptatum nobis distinctio dolorem aliquid. Veritatis molestiae impedit quaerat est dolor nobis ea. Nemo natus et non aperiam quia.', 2, '2018-12-28 09:18:29', '2018-12-28 09:18:29'),
(181, 20, 'Tanya Klocko IV', 'Veritatis sint aut necessitatibus quam. Quidem harum eligendi nisi itaque. Deserunt distinctio quis voluptate ex possimus voluptatibus accusamus. Facilis in sint perferendis vel ab facere.', 3, '2018-12-28 09:18:29', '2018-12-28 09:18:29'),
(182, 35, 'Prof. Ernestine Kuphal V', 'Quod aut asperiores quia omnis aut vel. Ut eveniet alias architecto iure quos qui. Explicabo suscipit quaerat laudantium qui voluptate quo numquam nesciunt. Magnam ea est laboriosam dolore ut nisi.', 1, '2018-12-28 09:18:29', '2018-12-28 09:18:29'),
(183, 8, 'Rosemary Dietrich', 'Ut eos vel eum soluta nisi enim suscipit pariatur. Maxime ut ducimus quae repellat iure facilis tempora perspiciatis. Qui corporis fuga reprehenderit. Neque possimus accusantium eos incidunt laboriosam qui. Eaque reprehenderit culpa repellat soluta voluptas consequatur.', 2, '2018-12-28 09:18:29', '2018-12-28 09:18:29'),
(184, 13, 'Gunner Luettgen', 'Voluptatibus aut vitae occaecati vel est sequi explicabo. Illo voluptatem fuga sunt quo tempora velit quidem. Maxime alias qui odio. Et eius dolor ut. Et dolores eaque voluptatibus reiciendis.', 3, '2018-12-28 09:18:29', '2018-12-28 09:18:29'),
(185, 16, 'Cordell Cormier', 'Eos necessitatibus nihil iusto dolores. Officia et dolor harum corrupti quia similique. Aliquam et et ea quasi facilis sunt. Voluptas dolores hic sed velit. Qui id molestiae doloribus.', 5, '2018-12-28 09:18:29', '2018-12-28 09:18:29'),
(186, 12, 'Mr. Donavon Dare', 'Perspiciatis libero est rerum fuga magni veritatis quia. Rerum distinctio voluptas consectetur quibusdam et fugiat numquam. Voluptas quo aut suscipit dignissimos architecto reiciendis odit.', 4, '2018-12-28 09:18:29', '2018-12-28 09:18:29'),
(187, 22, 'Katrine O\'Reilly', 'Architecto aut adipisci minus ut iure iusto voluptatem reiciendis. Est asperiores dolorum placeat ipsa reiciendis sint et. Odio autem animi inventore possimus aut. Qui pariatur aut dolorum sit error repudiandae nemo.', 0, '2018-12-28 09:18:29', '2018-12-28 09:18:29'),
(188, 15, 'Sedrick Hill', 'Et doloribus quia ullam. Harum sint aut voluptas ut sit porro neque. Est tempora voluptas ducimus eos architecto facilis.', 5, '2018-12-28 09:18:29', '2018-12-28 09:18:29'),
(189, 47, 'Rupert Walsh DDS', 'Temporibus est distinctio repellendus quod aut. Occaecati velit officiis nobis odio. Quos provident perspiciatis laborum possimus totam sint temporibus.', 4, '2018-12-28 09:18:29', '2018-12-28 09:18:29'),
(190, 2, 'Jackeline Kiehn', 'Delectus sit occaecati et ipsum. Doloribus laudantium ut magnam repellendus veniam et.', 1, '2018-12-28 09:18:29', '2018-12-28 09:18:29'),
(191, 40, 'Pearl Parisian V', 'Modi exercitationem facere cum officia et dolorem magnam. Nobis omnis doloribus enim. Ab dicta quis laudantium beatae ut qui.', 5, '2018-12-28 09:18:29', '2018-12-28 09:18:29'),
(192, 35, 'Darrion Fisher', 'Voluptatem aut eveniet eum alias earum excepturi a. Rem sunt optio non distinctio est. Corporis numquam itaque suscipit numquam voluptatum voluptatem est. Voluptatem praesentium asperiores reprehenderit eos.', 2, '2018-12-28 09:18:29', '2018-12-28 09:18:29'),
(193, 5, 'Jaylan Green', 'Officiis amet quia explicabo est dolorem odit praesentium repellat. Officiis est voluptatem cum harum. Qui nihil autem ut recusandae harum quia non alias.', 2, '2018-12-28 09:18:29', '2018-12-28 09:18:29'),
(194, 42, 'Darrick Torphy', 'Doloremque officia qui quo sit sapiente. Sint quisquam eum et voluptas omnis et quo. Autem magni adipisci omnis. Reiciendis rem eveniet in omnis repudiandae ipsam.', 0, '2018-12-28 09:18:30', '2018-12-28 09:18:30'),
(195, 6, 'Dr. Verna Walsh V', 'Harum quia quisquam perferendis ut cum quibusdam mollitia. Necessitatibus officiis consequatur dolores alias atque enim molestiae. Qui dolorem accusantium dolor occaecati voluptates ab maiores. Reprehenderit corrupti error quos necessitatibus. Delectus pariatur accusantium tempora nihil itaque cupiditate.', 2, '2018-12-28 09:18:30', '2018-12-28 09:18:30'),
(196, 6, 'Mercedes Deckow', 'Ad sunt hic corporis repudiandae omnis. Natus in fugiat voluptatibus saepe sed. Itaque eum omnis in. Repellat occaecati doloribus rerum facere et ipsum quaerat.', 3, '2018-12-28 09:18:30', '2018-12-28 09:18:30'),
(197, 47, 'Afton Predovic IV', 'Dolorum consequatur id aut et. Facilis alias qui et possimus. Corporis dolores at accusamus facere cupiditate facere. Molestiae quidem et in eligendi.', 5, '2018-12-28 09:18:30', '2018-12-28 09:18:30'),
(198, 43, 'Lempi Jakubowski', 'Recusandae ut voluptatibus sed eum eum ut odit. Officia enim quia laudantium suscipit quam sit sapiente. Et tenetur expedita sed quia quidem. Et est autem dolor eius atque sunt eaque veritatis.', 0, '2018-12-28 09:18:30', '2018-12-28 09:18:30'),
(199, 4, 'Miss Janice Torp', 'Autem aut quas beatae quasi. Qui qui ab id qui repellendus magnam provident. Sed nobis accusamus vel voluptas accusantium sed ut.', 1, '2018-12-28 09:18:30', '2018-12-28 09:18:30'),
(200, 1, 'Margie Feest', 'Suscipit nihil quo ut eius qui iste repellendus. Ea illum corporis praesentium eum excepturi.', 4, '2018-12-28 09:18:30', '2018-12-28 09:18:30'),
(201, 20, 'Darrion Greenholt', 'Facilis eos libero natus quisquam quas. Et praesentium officiis ut eum.', 1, '2018-12-28 09:18:30', '2018-12-28 09:18:30'),
(202, 31, 'Leif Reinger', 'Odio ratione earum ut rem quo corrupti delectus voluptas. Atque libero in blanditiis dignissimos consequatur commodi. A autem et ipsum nisi ex aliquid necessitatibus. Soluta et molestias dolor laboriosam. Ipsum aut quia qui tempora quia.', 4, '2018-12-28 09:18:30', '2018-12-28 09:18:30'),
(203, 41, 'Ms. Mariane Walsh', 'Accusantium distinctio autem quod voluptas excepturi nesciunt. Ut ut sit fuga corporis. Ut sequi id rerum quo. Quidem nihil sit dolorem consectetur nam.', 4, '2018-12-28 09:18:30', '2018-12-28 09:18:30'),
(204, 47, 'Angelica Bahringer', 'Non voluptatum cupiditate ut aut. Omnis velit suscipit est consequatur. Non quis maiores aut recusandae temporibus sint qui temporibus.', 4, '2018-12-28 09:18:30', '2018-12-28 09:18:30'),
(205, 50, 'Prof. Braden Ullrich II', 'Dolore id voluptatem quibusdam doloremque dicta rerum. Eum veniam voluptatem et laborum quasi mollitia nihil. Voluptatem aut itaque aliquam sit. In soluta eum est molestias est consequatur qui.', 2, '2018-12-28 09:18:30', '2018-12-28 09:18:30');
INSERT INTO `reviews` (`id`, `product_id`, `customer`, `review`, `star`, `created_at`, `updated_at`) VALUES
(206, 9, 'Hassie Bechtelar II', 'Omnis sed aut autem eveniet. Nemo facilis voluptatem nobis voluptatibus tenetur esse. Sunt consequatur eum velit.', 5, '2018-12-28 09:18:30', '2018-12-28 09:18:30'),
(207, 37, 'Marilie Rempel', 'Voluptatem ut animi nihil. Maiores corporis ut cum nihil accusantium iste. Aut qui vel harum qui illum.', 2, '2018-12-28 09:18:30', '2018-12-28 09:18:30'),
(208, 47, 'Obie Dooley', 'Dolores aut repellendus magnam neque ad. Ducimus ut nihil culpa. Delectus consequuntur excepturi beatae ea. Quasi voluptas eos est hic.', 0, '2018-12-28 09:18:30', '2018-12-28 09:18:30'),
(209, 42, 'Leo Kihn', 'Eos excepturi magnam temporibus quia asperiores qui. Quasi minus eius iusto quas. Maiores libero officia velit magni soluta ea dicta culpa.', 2, '2018-12-28 09:18:30', '2018-12-28 09:18:30'),
(210, 31, 'Bria Koss', 'Labore ex consequuntur aut aliquid aut iste consequatur. Id eos consequatur aperiam voluptas voluptates. Voluptas molestias eveniet nobis hic perferendis hic odit. Est non quis nesciunt harum.', 2, '2018-12-28 09:18:30', '2018-12-28 09:18:30'),
(211, 10, 'Berta Beier', 'Ea voluptatibus ipsam occaecati tempora officiis. Voluptatem consequatur fugiat fugit itaque.', 2, '2018-12-28 09:18:30', '2018-12-28 09:18:30'),
(212, 44, 'Noemie Mayer', 'Nisi quia eligendi est ullam. Maxime mollitia similique a cumque laborum dolorem repellendus. Rem at aliquam aut voluptatibus. Placeat deleniti laudantium quia et est expedita illo eveniet. Aut doloribus sunt ipsam et quidem aut.', 4, '2018-12-28 09:18:30', '2018-12-28 09:18:30'),
(213, 18, 'Prof. Stephanie Cartwright', 'Ab temporibus quo commodi dignissimos officia ut assumenda. Vero quia eos illo illo aut qui. Maiores ab veritatis quo dicta sed quam. Asperiores provident iure et.', 3, '2018-12-28 09:18:30', '2018-12-28 09:18:30'),
(214, 41, 'Dr. Effie Fritsch V', 'Deserunt provident sit voluptas rem quia tenetur minima labore. Perspiciatis molestiae quae consequatur beatae. Magni rem fugit est aliquid suscipit. Illum impedit amet in vitae nobis.', 4, '2018-12-28 09:18:30', '2018-12-28 09:18:30'),
(215, 6, 'Estell Kiehn', 'Odio et qui molestias et ullam alias eligendi. Impedit natus ea repudiandae quis adipisci officiis.', 1, '2018-12-28 09:18:30', '2018-12-28 09:18:30'),
(216, 35, 'Rollin Lowe', 'Ut praesentium aperiam rem molestias. Repellendus deleniti totam commodi fugit alias cupiditate. Molestias dolore odit ut qui rerum non odit.', 0, '2018-12-28 09:18:30', '2018-12-28 09:18:30'),
(217, 41, 'Alex Hoeger IV', 'Distinctio facilis ea porro. Sed odit libero dolores repellendus fuga voluptatibus. Corporis amet ullam reprehenderit perferendis qui tempore. Veniam occaecati voluptates quia odio quaerat dicta voluptates. Omnis minus saepe corporis soluta libero.', 5, '2018-12-28 09:18:30', '2018-12-28 09:18:30'),
(218, 14, 'Cornelius Muller IV', 'Sunt illum modi velit ad. Nesciunt aut alias beatae deleniti. Eaque ducimus quia ipsam impedit.', 4, '2018-12-28 09:18:30', '2018-12-28 09:18:30'),
(219, 21, 'Twila Upton', 'Aut eos cupiditate totam necessitatibus iusto. Dolore est et est quia sint molestias. Fuga sunt officia quasi.', 2, '2018-12-28 09:18:30', '2018-12-28 09:18:30'),
(220, 33, 'Toni Stoltenberg', 'Esse sint nihil illum deleniti impedit. Pariatur et sapiente maxime est omnis id in quia. Pariatur dignissimos aut tempore maxime. Sit consequatur quia quia dignissimos expedita incidunt sed.', 2, '2018-12-28 09:18:31', '2018-12-28 09:18:31'),
(221, 39, 'Brooke McCullough IV', 'At commodi quibusdam optio autem eum. Velit beatae repudiandae et rerum vel ab similique rerum. Ea amet tempore excepturi necessitatibus quibusdam qui sit saepe. Voluptas accusantium corporis quia non iste in fuga.', 1, '2018-12-28 09:18:31', '2018-12-28 09:18:31'),
(222, 47, 'Saul Littel', 'Sit non corrupti ea quaerat incidunt. Vitae vitae vitae odit dolorem voluptatem. Occaecati debitis et qui. Est dolores id provident et mollitia non expedita. Accusamus illo laudantium minus eum.', 1, '2018-12-28 09:18:31', '2018-12-28 09:18:31'),
(223, 29, 'Prof. Bradley Gibson', 'Laborum maxime qui hic in odio mollitia laboriosam. Odit est tempore quis cupiditate odit eius. Nemo repellendus sequi aperiam error omnis.', 0, '2018-12-28 09:18:31', '2018-12-28 09:18:31'),
(224, 29, 'Mrs. Alvina Harvey V', 'Non est illo et. Eos pariatur labore sit est rem maiores sapiente. Commodi porro illum quam et distinctio.', 0, '2018-12-28 09:18:31', '2018-12-28 09:18:31'),
(225, 26, 'Prof. Lisa Berge', 'Voluptatibus et est quaerat deserunt. Voluptatem perspiciatis sint minima voluptatibus deleniti similique quia. Libero alias aut vero reprehenderit.', 4, '2018-12-28 09:18:31', '2018-12-28 09:18:31'),
(226, 17, 'Jaida Rempel MD', 'Totam quaerat quidem placeat iusto repellat velit. Accusamus non eligendi blanditiis libero qui. Provident nihil ut quibusdam magnam. Voluptates accusamus quia incidunt autem. Ab tempora sit eaque nesciunt vel.', 4, '2018-12-28 09:18:31', '2018-12-28 09:18:31'),
(227, 29, 'Laurel Hoppe DVM', 'Corrupti expedita consequatur deleniti ea ab quia veritatis. Vero ullam voluptatem voluptatem officia architecto. Perferendis ipsum et quia aliquam nobis. Vel adipisci omnis atque consequatur sit.', 1, '2018-12-28 09:18:31', '2018-12-28 09:18:31'),
(228, 31, 'Sydnie Hilpert', 'Repellat rerum sit soluta commodi nihil quis. Rerum nam cum explicabo deserunt sit beatae et. Sint voluptas consequatur possimus enim. Incidunt optio occaecati commodi consequatur.', 2, '2018-12-28 09:18:31', '2018-12-28 09:18:31'),
(229, 13, 'Vita Kunze V', 'Et temporibus fugit quam et consequatur. In corrupti mollitia voluptatem eligendi est voluptates sit.', 0, '2018-12-28 09:18:31', '2018-12-28 09:18:31'),
(230, 13, 'Norberto Mann IV', 'Quia aut eaque voluptatum et nihil. Non perspiciatis aliquam qui iste consectetur reprehenderit. Necessitatibus reiciendis sunt ex dolorem omnis magnam. Aliquam aliquam odio nemo mollitia dignissimos ipsam quidem quod.', 5, '2018-12-28 09:18:31', '2018-12-28 09:18:31'),
(231, 2, 'Mr. Kacey Sawayn', 'Eaque tenetur voluptate odit et. Rem quisquam sed perferendis. Est id corrupti quia totam sed. Dolores perferendis quidem porro aut ad aut dolor.', 0, '2018-12-28 09:18:31', '2018-12-28 09:18:31'),
(232, 24, 'Mrs. Lorine Reichert', 'Sed nesciunt vel rerum facere tempora saepe. Laudantium ipsa architecto omnis repellat. Id ipsum voluptatibus ea distinctio ratione quis.', 2, '2018-12-28 09:18:31', '2018-12-28 09:18:31'),
(233, 40, 'Travis Schultz', 'Voluptatem facilis accusantium nisi voluptatibus. Harum ab eum praesentium sed ratione voluptas. Debitis et ex porro ex optio in recusandae ea.', 1, '2018-12-28 09:18:31', '2018-12-28 09:18:31'),
(234, 24, 'Emelie Johnson III', 'Velit iusto odit amet voluptatem odio nihil et. Non qui et ratione molestiae necessitatibus sit adipisci. At qui velit animi qui.', 4, '2018-12-28 09:18:31', '2018-12-28 09:18:31'),
(235, 24, 'Blair Medhurst', 'Quod facilis ex recusandae et rerum. Ea nemo aut voluptatem tempora maxime commodi illo. Doloremque officiis unde quo nesciunt sit. Et illo ad quis sint.', 1, '2018-12-28 09:18:31', '2018-12-28 09:18:31'),
(236, 38, 'Casey Wisozk MD', 'Iusto harum sint laboriosam maiores. Totam omnis quod et magnam dolorum repellat nulla.', 0, '2018-12-28 09:18:31', '2018-12-28 09:18:31'),
(237, 31, 'Mr. Elvis Skiles III', 'Numquam quia voluptas ut praesentium et. Voluptas eligendi illo nemo iste et.', 1, '2018-12-28 09:18:31', '2018-12-28 09:18:31'),
(238, 23, 'Alexie Crona', 'Et voluptatem velit voluptatem atque molestias sint quisquam. Officiis eius magnam labore recusandae sunt. Et sed impedit similique et explicabo mollitia autem. Earum non assumenda nihil rerum.', 2, '2018-12-28 09:18:31', '2018-12-28 09:18:31'),
(239, 36, 'Jovanny Crona', 'Sequi laboriosam culpa officiis saepe consectetur ratione rerum. Rerum fuga facilis voluptatem. Laboriosam voluptatibus omnis sed unde minima eos repudiandae autem. Ducimus tempora corporis minima amet ut facere ut.', 4, '2018-12-28 09:18:31', '2018-12-28 09:18:31'),
(240, 14, 'Prof. Arturo Mosciski', 'Illum odio sunt porro id. Ratione ut aspernatur natus a voluptas. Ipsum et adipisci vero. Excepturi repudiandae aut rerum ipsum.', 2, '2018-12-28 09:18:31', '2018-12-28 09:18:31'),
(241, 45, 'Maritza Witting', 'In corrupti saepe reiciendis atque reprehenderit odit veniam adipisci. Ut id assumenda sint quia illum perferendis suscipit. Dolorum deserunt necessitatibus sequi ut aut cum. Non accusantium vel quia blanditiis facilis nihil cumque.', 3, '2018-12-28 09:18:31', '2018-12-28 09:18:31'),
(242, 13, 'Cathryn Gibson', 'Aut consequuntur iusto rerum rerum ipsam dolores. Cupiditate consequatur magni eligendi incidunt tenetur illum ut dolorum. Deleniti tenetur excepturi eum eligendi laborum.', 4, '2018-12-28 09:18:31', '2018-12-28 09:18:31'),
(243, 5, 'Mr. Haleigh Simonis I', 'Eius rem officiis deleniti ut pariatur. Et molestiae dicta ad provident voluptatem earum. Possimus omnis porro aut dolor est.', 5, '2018-12-28 09:18:31', '2018-12-28 09:18:31'),
(244, 6, 'Malinda Dare', 'Facilis molestiae eveniet fugiat quia et. Fuga eos qui reiciendis voluptatem molestias eaque reiciendis corporis.', 0, '2018-12-28 09:18:31', '2018-12-28 09:18:31'),
(245, 25, 'Mrs. Nakia Sipes II', 'Ut est deserunt veniam est velit vel. Fugiat fugiat ut dolor ut. Quam est beatae exercitationem repellendus deserunt aut.', 4, '2018-12-28 09:18:32', '2018-12-28 09:18:32'),
(246, 42, 'Trystan Kunde', 'Repellat numquam non tempora eaque doloribus nesciunt. Dolores magnam architecto magni ut velit sed aut. Aut voluptatem et cum corrupti libero accusamus porro neque. Ullam sint eum ut ipsum et totam.', 0, '2018-12-28 09:18:32', '2018-12-28 09:18:32'),
(247, 12, 'Avery O\'Connell', 'Quae non voluptatum aut facilis sapiente. Eos et laudantium est quo animi deleniti.', 4, '2018-12-28 09:18:32', '2018-12-28 09:18:32'),
(248, 44, 'Madie Welch', 'Magnam non dolores error omnis iste. Aperiam tempora ut quod ad est earum. Placeat consequuntur voluptas vel.', 0, '2018-12-28 09:18:32', '2018-12-28 09:18:32'),
(249, 48, 'Marielle Gleichner', 'Architecto nesciunt provident reiciendis. Id unde facere odit numquam nihil impedit est. Occaecati accusamus aut sunt et assumenda consequuntur sint.', 4, '2018-12-28 09:18:32', '2018-12-28 09:18:32'),
(250, 28, 'Mr. Hal Herman Jr.', 'Aut doloribus occaecati corporis sit exercitationem vel autem. Dolorem illo facere et rem eveniet. Libero sit consectetur nihil expedita impedit corporis laborum aut.', 1, '2018-12-28 09:18:32', '2018-12-28 09:18:32'),
(251, 46, 'Abner Haag', 'Amet mollitia facere possimus ut velit exercitationem. Voluptatem rerum vel aliquam sapiente ea. Voluptates et deleniti non accusantium et est et. Dignissimos nobis rerum quia similique repellat quis incidunt. Deleniti quam iure magnam alias corporis quia.', 4, '2018-12-28 09:18:32', '2018-12-28 09:18:32'),
(252, 29, 'Freda Kutch', 'Odio delectus minima nisi ratione quisquam dicta a. Repudiandae repellat eaque fuga officiis et aut dolor. Esse perferendis nulla ab at cum consequatur mollitia.', 2, '2018-12-28 09:18:32', '2018-12-28 09:18:32'),
(253, 5, 'Berneice Ebert', 'Omnis a quaerat ut rerum debitis distinctio dicta. Aut consequuntur molestiae repellendus eligendi recusandae esse. Sit nesciunt delectus dicta dolor neque.', 0, '2018-12-28 09:18:32', '2018-12-28 09:18:32'),
(254, 50, 'Ms. Verla Beer', 'Non debitis aut voluptatibus vel incidunt. Est et consequuntur alias non. Voluptas et voluptatem rerum omnis qui consequatur. Et aut id et quo. Est facilis fuga voluptatem.', 3, '2018-12-28 09:18:32', '2018-12-28 09:18:32'),
(255, 4, 'Hester Corwin', 'Autem qui ullam a nihil illum architecto ad. Excepturi eum accusamus quas architecto et quo soluta. Aut ut animi vitae voluptas natus voluptates.', 4, '2018-12-28 09:18:32', '2018-12-28 09:18:32'),
(256, 33, 'Raegan O\'Keefe', 'Rerum voluptatem possimus dolore labore harum ut aut. Tempore voluptatem distinctio aspernatur enim. Culpa sed voluptatem architecto.', 2, '2018-12-28 09:18:32', '2018-12-28 09:18:32'),
(257, 14, 'Prof. Herta Parker III', 'Minus officiis velit sit qui maiores accusantium officia. Consequatur non est rerum sint autem tempora deleniti. Sit ut eos explicabo rerum.', 4, '2018-12-28 09:18:32', '2018-12-28 09:18:32'),
(258, 24, 'Prof. Vinnie Zemlak', 'Mollitia molestiae perspiciatis suscipit non magnam rerum molestiae. Omnis quia voluptatum non voluptas commodi et quos esse. Culpa reiciendis minima ipsa odit odio aspernatur voluptatibus voluptatibus. Molestiae quod aspernatur excepturi. Et totam quas est velit.', 5, '2018-12-28 09:18:32', '2018-12-28 09:18:32'),
(259, 2, 'Vivien White', 'Corporis ea repellat magni eligendi accusantium impedit. Eum officiis nobis ipsa odio ab sint. Quam sit est sit voluptas.', 1, '2018-12-28 09:18:32', '2018-12-28 09:18:32'),
(260, 37, 'Dr. Name Kovacek DDS', 'Debitis soluta ad eveniet aut minima consequuntur eligendi. Velit consequatur laudantium quod tempora iusto quas.', 2, '2018-12-28 09:18:32', '2018-12-28 09:18:32'),
(261, 24, 'Niko Harris', 'Ea praesentium et qui qui. Necessitatibus fugit ea rerum expedita unde non. Laborum iste ut quis qui quo libero ad. Voluptates est tempore nemo blanditiis sed quis. Non tempora odio commodi eius hic.', 5, '2018-12-28 09:18:32', '2018-12-28 09:18:32'),
(262, 35, 'Cathrine Stiedemann', 'Cum dolorem debitis quia nobis sed excepturi. Est explicabo ut deserunt animi. Molestiae ut ducimus sit aut quis eum.', 0, '2018-12-28 09:18:32', '2018-12-28 09:18:32'),
(263, 44, 'Catalina Buckridge', 'Dolorum consectetur iste quis suscipit. Soluta et rerum recusandae illum possimus consectetur nesciunt. Vel quo doloribus vitae qui.', 1, '2018-12-28 09:18:32', '2018-12-28 09:18:32'),
(264, 18, 'Marco Schimmel PhD', 'Ut quaerat facere magni accusantium est. Rerum reprehenderit dolores enim fugiat eveniet sapiente. Hic sequi facere atque porro quia nihil. Quas et illo veniam est omnis.', 1, '2018-12-28 09:18:32', '2018-12-28 09:18:32'),
(265, 33, 'Prof. Litzy Johnson', 'Non qui ullam est quia quaerat. Tempore sed quis voluptate odit nam vitae consequatur. Dolorem reiciendis delectus quas reprehenderit perferendis molestiae culpa.', 0, '2018-12-28 09:18:32', '2018-12-28 09:18:32'),
(266, 46, 'Timmy Toy', 'Qui harum eveniet debitis at alias fugiat. Molestiae repellendus dolor non voluptate soluta in omnis. Omnis rerum voluptas est sint dolor. Velit quis optio voluptas.', 1, '2018-12-28 09:18:32', '2018-12-28 09:18:32'),
(267, 12, 'Pierre Braun', 'Quaerat optio iure hic non quisquam et. Rerum eius cum similique officiis dolor sed. Nihil ipsum placeat quis velit ullam inventore. Et sint et quia et dolor est voluptatem.', 5, '2018-12-28 09:18:32', '2018-12-28 09:18:32'),
(268, 50, 'Mara Heaney MD', 'Repudiandae fuga voluptas qui sunt aperiam qui commodi. Laboriosam maiores nostrum saepe non qui.', 3, '2018-12-28 09:18:32', '2018-12-28 09:18:32'),
(269, 45, 'Julien Hartmann', 'Et quia eum harum incidunt alias illum aut. Quod eaque adipisci aut pariatur quia voluptatem omnis mollitia. Laudantium necessitatibus perferendis exercitationem maxime dolores laboriosam magnam.', 0, '2018-12-28 09:18:32', '2018-12-28 09:18:32'),
(270, 49, 'Ahmed Reichert', 'Dolorum consectetur rem quia ab. Doloremque inventore neque nam et ut ut ut. Ipsam et quia nisi et.', 0, '2018-12-28 09:18:32', '2018-12-28 09:18:32'),
(271, 26, 'Dr. Webster Wolf Sr.', 'Inventore et rerum est eius quod. Autem officiis aliquid architecto dolores a. Eius perspiciatis quo inventore enim. Est excepturi et laboriosam ut quae. Culpa dolorum modi fugit dignissimos.', 1, '2018-12-28 09:18:32', '2018-12-28 09:18:32'),
(272, 49, 'Mr. Amparo Gislason', 'Dignissimos corporis molestiae officia delectus ea. Velit corporis exercitationem id odio. Quae aliquam iure non itaque error voluptatem aut. Et et dicta vitae nihil.', 4, '2018-12-28 09:18:32', '2018-12-28 09:18:32'),
(273, 33, 'Mr. Sydney Baumbach', 'Exercitationem cum temporibus quod corrupti corporis reiciendis eos quo. Quae rerum similique facere quae. Eligendi reiciendis enim natus natus enim quia natus.', 1, '2018-12-28 09:18:33', '2018-12-28 09:18:33'),
(274, 38, 'Lily Ankunding', 'Aut asperiores natus molestiae. Maxime maiores odit ipsum et laudantium soluta est. Aut rerum et debitis rerum.', 5, '2018-12-28 09:18:33', '2018-12-28 09:18:33'),
(275, 15, 'Yazmin Ruecker', 'Est nobis sint et. Facere delectus quia quod qui. Nobis accusantium sequi asperiores. Asperiores nihil ut minus.', 1, '2018-12-28 09:18:33', '2018-12-28 09:18:33'),
(276, 48, 'Dr. Tad Kreiger III', 'Possimus iusto dolores cum dolorem exercitationem consequatur. Consequatur et maiores qui iure totam nulla. Enim eveniet consequatur asperiores eum consequatur. Unde numquam et molestiae eos quia. Et totam ducimus at voluptas aut.', 2, '2018-12-28 09:18:33', '2018-12-28 09:18:33'),
(277, 40, 'Vernie Barrows', 'Perferendis placeat est aut totam. Ea facilis qui nihil est et. Enim tenetur error commodi ut magnam consequatur accusantium.', 4, '2018-12-28 09:18:33', '2018-12-28 09:18:33'),
(278, 18, 'Prof. Alexis Boyer V', 'Qui quo quia laborum. Suscipit sapiente error illum qui. Beatae aut nihil quis vel corrupti et quibusdam.', 2, '2018-12-28 09:18:33', '2018-12-28 09:18:33'),
(279, 5, 'Adrien Pfannerstill', 'Nobis consequuntur delectus rerum cum. Culpa expedita tenetur dignissimos rerum dolores aliquam qui sunt. Eveniet voluptatum odio in odit neque enim quae nisi. Consectetur rem omnis laboriosam aliquid natus ut quidem culpa.', 2, '2018-12-28 09:18:33', '2018-12-28 09:18:33'),
(280, 41, 'Viola Gleichner III', 'Quis fugit accusantium non recusandae labore harum. Veritatis aliquid illo et dolorem. Qui quas et reprehenderit et qui soluta sed. Quis expedita voluptates veniam autem at nulla mollitia et.', 2, '2018-12-28 09:18:33', '2018-12-28 09:18:33'),
(281, 49, 'Eriberto Cremin', 'Aspernatur consequuntur dolores dolores consequatur est et. Doloribus provident molestias voluptatibus consequatur esse quae quia eveniet. Dolorem explicabo recusandae harum quod. Nobis delectus minima id deserunt nam enim quia nobis.', 1, '2018-12-28 09:18:33', '2018-12-28 09:18:33'),
(282, 15, 'Myriam Jacobs DVM', 'Ullam quaerat tempora et delectus ad sed nostrum. Nobis explicabo labore dolorum quod et. Minus doloribus et minima dicta totam eum aliquid. Eligendi delectus possimus provident qui aut rem.', 5, '2018-12-28 09:18:33', '2018-12-28 09:18:33'),
(283, 7, 'Prof. Velma McKenzie V', 'Accusantium omnis enim velit magnam sunt. Eos dolore consequatur dolor dolor blanditiis. Aliquid aut dolor vitae sed maiores quia vitae.', 0, '2018-12-28 09:18:33', '2018-12-28 09:18:33'),
(284, 45, 'Mr. Lukas Kassulke', 'Quo debitis quasi ab sequi soluta quae assumenda. Dolor impedit ipsum quae. Adipisci sit expedita ex porro harum.', 2, '2018-12-28 09:18:33', '2018-12-28 09:18:33'),
(285, 27, 'Augustus Wilkinson', 'Ipsum ut sit quo officia omnis tenetur. Rerum nulla maiores non natus officiis. Nostrum ratione amet blanditiis cum suscipit.', 0, '2018-12-28 09:18:33', '2018-12-28 09:18:33'),
(286, 8, 'Dr. Mabelle Paucek', 'Provident delectus quibusdam aspernatur ut voluptatum cum modi. Sint soluta ut et aut et. Nesciunt ea necessitatibus quibusdam voluptatem. Adipisci est unde et et iure impedit.', 2, '2018-12-28 09:18:33', '2018-12-28 09:18:33'),
(287, 41, 'Prof. Miles Braun DDS', 'Repudiandae aperiam aut vitae totam repellendus molestiae. Quia eveniet ut cumque aut eius.', 0, '2018-12-28 09:18:33', '2018-12-28 09:18:33'),
(288, 17, 'Keaton Kunze II', 'Sed sed culpa officia enim sed. Velit dolorem sit nihil qui. A ut sed molestiae illum et. Cum consequatur quisquam ex eum doloribus.', 1, '2018-12-28 09:18:33', '2018-12-28 09:18:33'),
(289, 11, 'Freeman Wintheiser', 'Harum enim expedita dolores labore dicta velit numquam. Cum soluta perspiciatis blanditiis et minus accusamus voluptate. Sunt et et sit est. Ipsam odit quos dignissimos animi.', 1, '2018-12-28 09:18:33', '2018-12-28 09:18:33'),
(290, 31, 'Ms. Gudrun Legros II', 'In vel et doloribus aliquam repellat aperiam. Consequatur libero unde totam. Voluptatem vitae fuga aliquam ab accusamus itaque recusandae.', 1, '2018-12-28 09:18:33', '2018-12-28 09:18:33'),
(291, 48, 'Magnus Collier', 'Nostrum nulla provident asperiores sunt possimus. Voluptatum autem rem et. Ullam rerum non sit iure. Culpa soluta ab aliquid quae suscipit aspernatur.', 2, '2018-12-28 09:18:33', '2018-12-28 09:18:33'),
(292, 26, 'Vincent Harber I', 'Sed beatae id doloremque optio aut est deleniti. Ea perspiciatis illum expedita nam labore aut ratione. Aut voluptatum voluptas et. Voluptas et voluptas velit veniam.', 2, '2018-12-28 09:18:33', '2018-12-28 09:18:33'),
(293, 23, 'Abner Stiedemann', 'Sed harum culpa deleniti sint. Officiis vel dolore est incidunt aliquid. Rerum unde accusantium fugit qui iste. Illum in aliquid voluptatem ut.', 5, '2018-12-28 09:18:33', '2018-12-28 09:18:33'),
(294, 33, 'Mr. Amari Rath PhD', 'Consequatur sunt sint cumque modi tempora laboriosam sit. Eum earum dignissimos quia nihil aut quo. Natus et et facere laborum. Sit enim voluptatem temporibus repudiandae vel error veniam quasi.', 0, '2018-12-28 09:18:33', '2018-12-28 09:18:33'),
(295, 17, 'Victor Barton', 'Dolor id autem suscipit numquam eos aut sit. Quo odit vero ipsum aut facilis. Magnam nihil facere est nostrum earum iusto. Quod enim distinctio eaque sunt.', 5, '2018-12-28 09:18:33', '2018-12-28 09:18:33'),
(296, 11, 'Prof. Gage Rutherford MD', 'Consequatur soluta quaerat ipsam nemo. Accusamus enim autem animi qui sed quasi illo. Laboriosam dolorem reiciendis et magnam est. Accusamus consequatur aut omnis esse consequatur.', 3, '2018-12-28 09:18:33', '2018-12-28 09:18:33'),
(297, 44, 'Sylvan Lowe', 'Autem ipsa delectus qui veritatis. Quos et eligendi commodi expedita earum qui dolorum. Et necessitatibus aut animi accusantium nesciunt. Ut nesciunt error itaque quia.', 0, '2018-12-28 09:18:33', '2018-12-28 09:18:33'),
(298, 17, 'Prof. Carmel Hahn III', 'Et voluptatem neque corrupti ad rem quis. Ab et animi porro voluptatem sunt ex. Perferendis inventore modi sed. Sint cum qui porro eum.', 5, '2018-12-28 09:18:33', '2018-12-28 09:18:33'),
(299, 39, 'Tod King', 'Eligendi voluptatem similique aut sunt voluptatibus quibusdam similique. Aperiam nisi est sit recusandae.', 0, '2018-12-28 09:18:33', '2018-12-28 09:18:33'),
(300, 8, 'Mariela Monahan', 'Repellendus culpa enim quod totam animi. Nulla facere ratione error ut voluptas laudantium quibusdam. Ea dignissimos quae earum at et quo et accusamus. Molestiae suscipit facilis similique vel laborum maxime sed. Omnis aut vitae sint eaque id.', 3, '2018-12-28 09:18:33', '2018-12-28 09:18:33');

-- --------------------------------------------------------

--
-- Table structure for table `users`
--

CREATE TABLE `users` (
  `id` int(10) UNSIGNED NOT NULL,
  `name` varchar(255) COLLATE utf8mb4_unicode_ci NOT NULL,
  `email` varchar(255) COLLATE utf8mb4_unicode_ci NOT NULL,
  `email_verified_at` timestamp NULL DEFAULT NULL,
  `password` varchar(255) COLLATE utf8mb4_unicode_ci NOT NULL,
  `remember_token` varchar(100) COLLATE utf8mb4_unicode_ci DEFAULT NULL,
  `created_at` timestamp NULL DEFAULT NULL,
  `updated_at` timestamp NULL DEFAULT NULL
) ENGINE=InnoDB DEFAULT CHARSET=utf8mb4 COLLATE=utf8mb4_unicode_ci;

--
-- Indexes for dumped tables
--

--
-- Indexes for table `migrations`
--
ALTER TABLE `migrations`
  ADD PRIMARY KEY (`id`);

--
-- Indexes for table `password_resets`
--
ALTER TABLE `password_resets`
  ADD KEY `password_resets_email_index` (`email`);

--
-- Indexes for table `products`
--
ALTER TABLE `products`
  ADD PRIMARY KEY (`id`);

--
-- Indexes for table `reviews`
--
ALTER TABLE `reviews`
  ADD PRIMARY KEY (`id`),
  ADD KEY `reviews_product_id_index` (`product_id`);

--
-- Indexes for table `users`
--
ALTER TABLE `users`
  ADD PRIMARY KEY (`id`),
  ADD UNIQUE KEY `users_email_unique` (`email`);

--
-- AUTO_INCREMENT for dumped tables
--

--
-- AUTO_INCREMENT for table `migrations`
--
ALTER TABLE `migrations`
  MODIFY `id` int(10) UNSIGNED NOT NULL AUTO_INCREMENT, AUTO_INCREMENT=5;
--
-- AUTO_INCREMENT for table `products`
--
ALTER TABLE `products`
  MODIFY `id` int(10) UNSIGNED NOT NULL AUTO_INCREMENT, AUTO_INCREMENT=51;
--
-- AUTO_INCREMENT for table `reviews`
--
ALTER TABLE `reviews`
  MODIFY `id` int(10) UNSIGNED NOT NULL AUTO_INCREMENT, AUTO_INCREMENT=301;
--
-- AUTO_INCREMENT for table `users`
--
ALTER TABLE `users`
  MODIFY `id` int(10) UNSIGNED NOT NULL AUTO_INCREMENT;
--
-- Constraints for dumped tables
--

--
-- Constraints for table `reviews`
--
ALTER TABLE `reviews`
  ADD CONSTRAINT `reviews_product_id_foreign` FOREIGN KEY (`product_id`) REFERENCES `products` (`id`) ON DELETE CASCADE;

/*!40101 SET CHARACTER_SET_CLIENT=@OLD_CHARACTER_SET_CLIENT */;
/*!40101 SET CHARACTER_SET_RESULTS=@OLD_CHARACTER_SET_RESULTS */;
/*!40101 SET COLLATION_CONNECTION=@OLD_COLLATION_CONNECTION */;
